------------------------------start time:Wed May 30 16:53:08 2012[not match][2012-05-23 10:54:10.728] 021400/RnhLmCellCPT(rnhCellRoC[62]) ../src/RnhCellRoC.cpp:7901 INFO:rnhCellRoC[cellFroId 671, iubLinkFroId 146] failed to unlock cell, reason : RnhCellDataD::errorStatusNbapFailed
[not match][2012-05-23 10:54:12.308] 021400/RncLmUePT(UehHsCellChangeC[9]) ../src/UehHsCellChangeC.cpp:7874 INFO:choice point -> false: anyway try to release aal2 connection
[not match][2012-05-23 10:54:17.120] 021400/RncLmUePT(UehRabRelComDedC[77]) ../src/target/Cello/RTActor/badMessage.cc:202 ERROR:uehProcedures(77)@radioBearerReleaseComplete received unexpected message: dcsIfControlP%rbEmptyBufferInd data: DcsIfControlRbEmptyBufferIndD {ueRef 3379,ueModuleId 11}
[not match][2012-05-23 10:54:26.628] 021400/RncLmUePT(UehHsCellChangeC[175]) ../src/UehHsCellChangeC.cpp:7874 INFO:choice point -> false: anyway try to release aal2 connection
[not match][2012-05-23 10:54:33.180] 021400/RncLmUePT(uehDriftUeCtxtC[170]) ../src/UehDriftUeCtxtC.cpp:9351 ERROR:received DEDMEAS Req while no ded resource, ignore to avoid crash
[not match][2012-05-23 10:54:41.428] 021400/RnhLmCellCPT(rnhCellRoC[62]) ../src/RnhCellRoC.cpp:7901 INFO:rnhCellRoC[cellFroId 671, iubLinkFroId 146] failed to unlock cell, reason : RnhCellDataD::errorStatusNbapFailed
[not match][2012-05-23 10:55:10.292] 021400/RncLmUePT(UehHsCellChangeC[175]) ../src/UehHsCellChangeC.cpp:7874 INFO:choice point -> false: anyway try to release aal2 connection
[not match][2012-05-23 10:55:12.052] 021400/RncLmUePT(UehHsCellChangeC[175]) ../src/UehHsCellChangeC.cpp:7874 INFO:choice point -> false: anyway try to release aal2 connection
[not match][2012-05-23 10:55:12.120] 021400/RnhLmCellCPT(rnhCellRoC[62]) ../src/RnhCellRoC.cpp:7901 INFO:rnhCellRoC[cellFroId 671, iubLinkFroId 146] failed to unlock cell, reason : RnhCellDataD::errorStatusNbapFailed
[not match][2012-05-23 10:55:29.732] 021400/RncLmUePT(UehHsCellChangeC[9]) ../src/UehHsCellChangeC.cpp:7874 INFO:choice point -> false: anyway try to release aal2 connection
[not match][2012-05-23 10:55:42.844] 021400/RnhLmCellCPT(rnhCellRoC[62]) ../src/RnhCellRoC.cpp:7901 INFO:rnhCellRoC[cellFroId 671, iubLinkFroId 146] failed to unlock cell, reason : RnhCellDataD::errorStatusNbapFailed
[not match][2012-05-23 10:56:13.540] 021400/RnhLmCellCPT(rnhCellRoC[62]) ../src/RnhCellRoC.cpp:7901 INFO:rnhCellRoC[cellFroId 671, iubLinkFroId 146] failed to unlock cell, reason : RnhCellDataD::errorStatusNbapFailed
[not match][2012-05-23 10:56:43.204] 021400/RnhLmCellCPT(rnhAdmC) ../src/RnhAdmResourceBaseD.cpp:130 ERROR:DecreaseResourceUsage: Attempt to decrease resource dlIubGbrBwResource with delta: 95 which is larger than amount of resources left: 49, resource NOT updated
[not match][2012-05-23 10:56:43.204] 021400/RnhLmCellCPT rlibTraceTraceFunctions.cc:211 INFO:<key -1818415376 part 2>"e 2,newActiveSetSize 0,oldSfDl 128,newSfDl 0,oldCodeNo 47,oldTimePosition -1,newTimePosition -1,selectedRLinRLs 1,oldSfUl 64,newSfUl 0,oldDedChTypeUl"rnhIfCellUlDedChType_DCH",newDedChTypeUl"rnhIfCellUlDedChType_None",compModeRes 1,physicalHsChan 0,eulCellType"rnhIfCellEul_NotValid",oldIubGbrBandwidthDl 95,newIubGbrBandwid"
[not match][2012-05-23 10:56:43.204] 021400/RnhLmCellCPT(rnhAdmC) ../src/RnhAdmCellIubLinkResourceManagerD.cpp:282 ERROR:<key -1818415376 part 3>"thDl 0,oldIubGbrBandwidthUl 101,newIubGbrBandwidthUl 0,speechOnly"exitSpeechOnly",oldRcState 2,newRcState 0}"
[not match][2012-05-23 10:56:44.268] 021400/RnhLmCellCPT(rnhCellRoC[62]) ../src/RnhCellRoC.cpp:7901 INFO:rnhCellRoC[cellFroId 671, iubLinkFroId 146] failed to unlock cell, reason : RnhCellDataD::errorStatusNbapFailed
[not match][2012-05-23 10:57:01.344] 021400/RlibPmControllerStatHndlProcess RlibPmAgentCounterEventBuffer.cc:203 INFO:ModOm: The buffer is full (endOfRop = false). Need to send buffer upwards
[not match][2012-05-23 10:57:05.128] 021400/DrhCcRhComSubLayer3PT(drhCcRhSpOseProxyCR1) ../src/DrhCcRhSpOseProxyC.cpp:353 INFO:sendPagingToMySps: dropped paging statistics for SP[0]: 0 of 10000 cell lists dropped (0 of 580000 cells dropped)
[not match][2012-05-23 10:57:10.020] 021400/RncLmUePT(UehHsCellChangeC[85]) ../src/UehHsCellChangeC.cpp:7874 INFO:choice point -> false: anyway try to release aal2 connection
[not match][2012-05-23 10:57:14.964] 021400/RnhLmCellCPT(rnhCellRoC[62]) ../src/RnhCellRoC.cpp:7901 INFO:rnhCellRoC[cellFroId 671, iubLinkFroId 146] failed to unlock cell, reason : RnhCellDataD::errorStatusNbapFailed
[not match][2012-05-23 10:57:35.212] 021400/RncLmUePT(UehHsCellChangeC[85]) ../src/UehHsCellChangeC.cpp:7874 INFO:choice point -> false: anyway try to release aal2 connection
[not match][2012-05-23 10:57:41.516] 021400/RncLmUePT(drhDcRhC) ../src/DrhDcRhC.cpp:4002 ERROR:drhDcRhC: signal auditUeReq received on port drhDcRhSpResControlP in state running
[not match][2012-05-23 10:57:41.516] 021400/RncLmUePT(drhDcRhC) ../src/DrhDcRhC.cpp:4003 ERROR:drhDcRhC: signal data: DcsIfResControlAuditUeReqRspD{nrOfAuditElements 1,spId 93,ueList{ueRef 956,ueModuleId 11,ueAuditId 3988304828},ueIndex -1}
[not match][2012-05-23 10:57:41.516] 021400/RncLmUePT(drhDcRhC) ../src/DrhDcRhC.cpp:4040 ERROR:auditUeReq: Before sending auditUeRsp to Dcs; noUesInRsp 0 
[not match][2012-05-23 10:57:41.516] 021400/RncLmUePT(drhDcRhC) ../src/DrhDcRhC.cpp:4041 ERROR:auditUeReq: Before sending auditUeRsp to Dcs; noUesOnCch 0 noUesOnDch 0
[not match][2012-05-23 10:57:41.532] 021400/RncLmUePT(drhDcRhC) ../src/DrhDcRhC.cpp:4144 ERROR:drhDcRhC: signal auditUeRsp received on port drhIfDcRhAuditP[11] in state running
[not match][2012-05-23 10:57:41.532] 021400/RncLmUePT rlibTraceTraceFunctions.cc:211 INFO:<key -1620443056 part 2>"eAuditId 0},{ueRef 0,ueModuleId 0,ueAuditId 0},{ueRef 0,ueModuleId 0,ueAuditId 0},{ueRef 0,ueModuleId 0,ueAuditId 0},{ueRef 0,ueModuleId 0,ueAuditId 0},{ueRef 0,ueModuleId 0,ueAuditId 0},{ueRef 0,ueModuleId 0,ueAuditId 0},{ueRef 0,ueModuleId 0,ueAuditId 0},{ueRef 0,ueModuleId 0,ueAuditId 0},{ueRef 0,ueModuleId 0,ueAuditId "
[not match][2012-05-23 10:57:41.532] 021400/RncLmUePT rlibTraceTraceFunctions.cc:211 INFO:<key -1620443056 part 3>"0},{ueRef 0,ueModuleId 0,ueAuditId 0},{ueRef 0,ueModuleId 0,ueAuditId 0},{ueRef 0,ueModuleId 0,ueAuditId 0},{ueRef 0,ueModuleId 0,ueAuditId 0},{ueRef 0,ueModuleId 0,ueAuditId 0},{ueRef 0,ueModuleId 0,ueAuditId 0},{ueRef 0,ueModuleId 0,ueAuditId 0},{ueRef 0,ueModuleId 0,ueAuditId 0},{ueRef 0,ueModuleId 0,ueAuditId 0},{ueRef"
[not match][2012-05-23 10:57:41.532] 021400/RncLmUePT rlibTraceTraceFunctions.cc:211 INFO:<key -1620443056 part 4>" 0,ueModuleId 0,ueAuditId 0},{ueRef 0,ueModuleId 0,ueAuditId 0},{ueRef 0,ueModuleId 0,ueAuditId 0},{ueRef 0,ueModuleId 0,ueAuditId 0},{ueRef 0,ueModuleId 0,ueAuditId 0},{ueRef 0,ueModuleId 0,ueAuditId 0},{ueRef 0,ueModuleId 0,ueAuditId 0},{ueRef 0,ueModuleId 0,ueAuditId 0},{ueRef 0,ueModuleId 0,ueAuditId 0},{ueRef 0,ueModu"
[not match][2012-05-23 10:57:41.532] 021400/RncLmUePT rlibTraceTraceFunctions.cc:211 INFO:<key -1620443056 part 5>"leId 0,ueAuditId 0},{ueRef 0,ueModuleId 0,ueAuditId 0},{ueRef 0,ueModuleId 0,ueAuditId 0},{ueRef 0,ueModuleId 0,ueAuditId 0},{ueRef 0,ueModuleId 0,ueAuditId 0},{ueRef 0,ueModuleId 0,ueAuditId 0},{ueRef 0,ueModuleId 0,ueAuditId 0},{ueRef 0,ueModuleId 0,ueAuditId 0},{ueRef 0,ueModuleId 0,ueAuditId 0},{ueRef 0,ueModuleId 0,ue"
[not match][2012-05-23 10:57:41.532] 021400/RncLmUePT rlibTraceTraceFunctions.cc:211 INFO:<key -1620443056 part 6>"AuditId 0},{ueRef 0,ueModuleId 0,ueAuditId 0},{ueRef 0,ueModuleId 0,ueAuditId 0},{ueRef 0,ueModuleId 0,ueAuditId 0},{ueRef 0,ueModuleId 0,ueAuditId 0},{ueRef 0,ueModuleId 0,ueAuditId 0},{ueRef 0,ueModuleId 0,ueAuditId 0},{ueRef 0,ueModuleId 0,ueAuditId 0},{ueRef 0,ueModuleId 0,ueAuditId 0},{ueRef 0,ueModuleId 0,ueAuditId 0"
[not match][2012-05-23 10:57:41.532] 021400/RncLmUePT rlibTraceTraceFunctions.cc:211 INFO:<key -1620443056 part 7>"},{ueRef 0,ueModuleId 0,ueAuditId 0},{ueRef 0,ueModuleId 0,ueAuditId 0},{ueRef 0,ueModuleId 0,ueAuditId 0},{ueRef 0,ueModuleId 0,ueAuditId 0},{ueRef 0,ueModuleId 0,ueAuditId 0},{ueRef 0,ueModuleId 0,ueAuditId 0},{ueRef 0,ueModuleId 0,ueAuditId 0},{ueRef 0,ueModuleId 0,ueAuditId 0},{ueRef 0,ueModuleId 0,ueAuditId 0},{ueRef "
[not match][2012-05-23 10:57:41.532] 021400/RncLmUePT rlibTraceTraceFunctions.cc:211 INFO:<key -1620443056 part 8>"0,ueModuleId 0,ueAuditId 0},{ueRef 0,ueModuleId 0,ueAuditId 0},{ueRef 0,ueModuleId 0,ueAuditId 0},{ueRef 0,ueModuleId 0,ueAuditId 0},{ueRef 0,ueModuleId 0,ueAuditId 0},{ueRef 0,ueModuleId 0,ueAuditId 0},{ueRef 0,ueModuleId 0,ueAuditId 0},{ueRef 0,ueModuleId 0,ueAuditId 0},{ueRef 0,ueModuleId 0,ueAuditId 0},{ueRef 0,ueModul"
[not match][2012-05-23 10:57:41.532] 021400/RncLmUePT rlibTraceTraceFunctions.cc:211 INFO:<key -1620443056 part 9>"eId 0,ueAuditId 0},{ueRef 0,ueModuleId 0,ueAuditId 0},{ueRef 0,ueModuleId 0,ueAuditId 0},{ueRef 0,ueModuleId 0,ueAuditId 0},{ueRef 0,ueModuleId 0,ueAuditId 0},{ueRef 0,ueModuleId 0,ueAuditId 0},{ueRef 0,ueModuleId 0,ueAuditId 0},{ueRef 0,ueModuleId 0,ueAuditId 0},{ueRef 0,ueModuleId 0,ueAuditId 0},{ueRef 0,ueModuleId 0,ueA"
[not match][2012-05-23 10:57:41.536] 021400/DrhDcRhMyClientComSubLayerPT(drhIfDcRhAuditPxyC) ../src/DrhIfDcRhAuditPxyC.cpp:308 INFO:signal auditUeReq received when no connection on conn[0]
[not match][2012-05-23 10:57:41.536] 021400/DrhDcRhMyClientComSubLayerPT(drhIfDcRhAuditPxyC) ../src/DrhIfDcRhAuditPxyC.cpp:308 INFO:signal auditUeReq received when no connection on conn[1]
[not match][2012-05-23 10:57:41.536] 021400/DrhDcRhMyClientComSubLayerPT(drhIfDcRhAuditPxyC) ../src/DrhIfDcRhAuditPxyC.cpp:308 INFO:signal auditUeReq received when no connection on conn[2]
[not match][2012-05-23 10:57:41.536] 021400/DrhDcRhMyClientComSubLayerPT(drhIfDcRhAuditPxyC) ../src/DrhIfDcRhAuditPxyC.cpp:308 INFO:signal auditUeReq received when no connection on conn[3]
[not match][2012-05-23 10:57:41.536] 021400/DrhDcRhMyClientComSubLayerPT(drhIfDcRhAuditPxyC) ../src/DrhIfDcRhAuditPxyC.cpp:308 INFO:signal auditUeReq received when no connection on conn[9]
[not match][2012-05-23 10:57:41.536] 021400/DrhDcRhMyClientComSubLayerPT(drhIfDcRhAuditPxyC) ../src/DrhIfDcRhAuditPxyC.cpp:308 INFO:signal auditUeReq received when no connection on conn[14]
[not match][2012-05-23 10:57:45.660] 021400/RnhLmCellCPT(rnhCellRoC[62]) ../src/RnhCellRoC.cpp:7901 INFO:rnhCellRoC[cellFroId 671, iubLinkFroId 146] failed to unlock cell, reason : RnhCellDataD::errorStatusNbapFailed
[not match][2012-05-23 10:57:50.012] 021400/RnhLmCellCPT(rnhAdmC) ../src/RnhAdmResourceBaseD.cpp:130 ERROR:DecreaseResourceUsage: Attempt to decrease resource dlIubGbrBwResource with delta: 95 which is larger than amount of resources left: 88, resource NOT updated
[not match][2012-05-23 10:57:50.012] 021400/RnhLmCellCPT rlibTraceTraceFunctions.cc:211 INFO:<key -1820407216 part 2>"e 2,newActiveSetSize 1,oldSfDl 128,newSfDl 0,oldCodeNo 18,oldTimePosition -1,newTimePosition -1,selectedRLinRLs 1,oldSfUl 64,newSfUl 0,oldDedChTypeUl"rnhIfCellUlDedChType_DCH",newDedChTypeUl"rnhIfCellUlDedChType_None",compModeRes 0,physicalHsChan 0,eulCellType"rnhIfCellEul_NotValid",oldIubGbrBandwidthDl 95,newIubGbrBandwid"
[not match][2012-05-23 10:57:50.012] 021400/RnhLmCellCPT(rnhAdmC) ../src/RnhAdmCellIubLinkResourceManagerD.cpp:282 ERROR:<key -1820407216 part 3>"thDl 0,oldIubGbrBandwidthUl 101,newIubGbrBandwidthUl 0,speechOnly"exitSpeechOnly",oldRcState 2,newRcState 2}"
[not match][2012-05-23 10:57:52.840] 021400/RncLmUePT(uehDriftUeCtxtC[85]) ../src/UehDriftUeCtxtC.cpp:9351 ERROR:received DEDMEAS Req while no ded resource, ignore to avoid crash
[not match][2012-05-23 10:58:16.360] 021400/RnhLmCellCPT(rnhCellRoC[62]) ../src/RnhCellRoC.cpp:7901 INFO:rnhCellRoC[cellFroId 671, iubLinkFroId 146] failed to unlock cell, reason : RnhCellDataD::errorStatusNbapFailed
[not match][2012-05-23 10:58:46.176] 021400/RncLmUePT(uehDriftUeCtxtC[62]) ../src/UehDriftUeCtxtC.cpp:9351 ERROR:received DEDMEAS Req while no ded resource, ignore to avoid crash
[not match][2012-05-23 10:58:47.076] 021400/RnhLmCellCPT(rnhCellRoC[62]) ../src/RnhCellRoC.cpp:7901 INFO:rnhCellRoC[cellFroId 671, iubLinkFroId 146] failed to unlock cell, reason : RnhCellDataD::errorStatusNbapFailed
[not match][2012-05-23 10:59:02.588] 021400/RnhLmCellCPT(rnhAdmC) ../src/RnhAdmResourceBaseD.cpp:130 ERROR:DecreaseResourceUsage: Attempt to decrease resource dlIubGbrBwResource with delta: 19 which is larger than amount of resources left: 12, resource NOT updated
[not match][2012-05-23 10:59:02.588] 021400/RnhLmCellCPT rlibTraceTraceFunctions.cc:211 INFO:<key -1819427104 part 2>"2,newActiveSetSize 0,oldSfDl 256,newSfDl 0,oldCodeNo 22,oldTimePosition -1,newTimePosition -1,selectedRLinRLs 1,oldSfUl 4,newSfUl 0,oldDedChTypeUl"rnhIfCellUlDedChType_EDCH",newDedChTypeUl"rnhIfCellUlDedChType_None",compModeRes 0,physicalHsChan 1,eulCellType"rnhIfCellEul_Serving2ms",oldIubGbrBandwidthDl 19,newIubGbrBandwid"
[not match][2012-05-23 10:59:02.588] 021400/RnhLmCellCPT(rnhAdmC) ../src/RnhAdmCellIubLinkResourceManagerD.cpp:282 ERROR:<key -1819427104 part 3>"thDl 0,oldIubGbrBandwidthUl 1569,newIubGbrBandwidthUl 0,speechOnly"speechNotValid",oldRcState 25,newRcState 4}"
[not match][2012-05-23 10:59:17.784] 021400/RnhLmCellCPT(rnhCellRoC[62]) ../src/RnhCellRoC.cpp:7901 INFO:rnhCellRoC[cellFroId 671, iubLinkFroId 146] failed to unlock cell, reason : RnhCellDataD::errorStatusNbapFailed
[not match][2012-05-23 10:59:48.476] 021400/RnhLmCellCPT(rnhCellRoC[62]) ../src/RnhCellRoC.cpp:7901 INFO:rnhCellRoC[cellFroId 671, iubLinkFroId 146] failed to unlock cell, reason : RnhCellDataD::errorStatusNbapFailed
[not match][2012-05-23 10:59:57.172] 021400/RncLmUePT(UehHsCellChangeC[214]) ../src/UehHsCellChangeC.cpp:7874 INFO:choice point -> false: anyway try to release aal2 connection
[not match][2012-05-23 11:00:03.752] 021400/PmAgentConnectedProcessLoadCtrl RlibPmAgentCounterEventBuffer.cc:315 INFO:LoadCtrl: All counters were sent up - true
[not match][2012-05-23 11:00:03.848] 021400/PmAgentConnectedProcessCell RlibPmAgentCounterEventBuffer.cc:315 INFO:Cell: All counters were sent up - true
[not match][2012-05-23 11:00:03.852] 021400/PmAgentConnectedProcessUe RlibPmAgentCounterEventBuffer.cc:315 INFO:Ue: All counters were sent up - true
[not match][2012-05-23 11:00:03.852] 021400/RlibPmControllerStatHndlProcess RlibPmControllerStatCollector.cc:277 INFO:ModOm: All counters received from subordinate (12 of 12 ready). Request fetch of 15009 remaining counter events. No of counter events collected for the next ROP: 0. 
[not match][2012-05-23 11:00:03.852] 021400/RlibPmControllerStatHndlProcess RlibPmControllerSubordinateStatus.cc:151 INFO:ModOm: No of pending pids for current ROP: 0
[not match][2012-05-23 11:00:08.396] 021400/RnhLmCellCPT(rnhAdmC) ../src/RnhAdmResourceBaseD.cpp:130 ERROR:DecreaseResourceUsage: Attempt to decrease resource dlIubGbrBwResource with delta: 10 which is larger than amount of resources left: 6, resource NOT updated
[not match][2012-05-23 11:00:08.396] 021400/RnhLmCellCPT rlibTraceTraceFunctions.cc:211 INFO:<key -1931451104 part 2>"1,newActiveSetSize 0,oldSfDl 128,newSfDl 0,oldCodeNo 7,oldTimePosition -1,newTimePosition -1,selectedRLinRLs 1,oldSfUl 64,newSfUl 0,oldDedChTypeUl"rnhIfCellUlDedChType_DCH",newDedChTypeUl"rnhIfCellUlDedChType_None",compModeRes 0,physicalHsChan 0,eulCellType"rnhIfCellEul_NotValid",oldIubGbrBandwidthDl 10,newIubGbrBandwidthD"
[not match][2012-05-23 11:00:08.396] 021400/RnhLmCellCPT(rnhAdmC) ../src/RnhAdmCellIubLinkResourceManagerD.cpp:282 ERROR:<key -1931451104 part 3>"l 0,oldIubGbrBandwidthUl 12,newIubGbrBandwidthUl 0,speechOnly"speechNotValid",oldRcState 1,newRcState 0}"
[not match][2012-05-23 11:00:09.080] 021400/RlibPmControllerStatHndlProcess RlibPmAgentCounterEventBuffer.cc:315 INFO:ModOm: All counters were sent up - true
[not match][2012-05-23 11:00:12.812] 021400/RlibPmControllerStatHndlProcess RlibPmControllerStatCollector.cc:925 INFO:ModOm: End counter freeze
[not match][2012-05-23 11:00:19.180] 021400/RnhLmCellCPT(rnhCellRoC[62]) ../src/RnhCellRoC.cpp:7901 INFO:rnhCellRoC[cellFroId 671, iubLinkFroId 146] failed to unlock cell, reason : RnhCellDataD::errorStatusNbapFailed
[not match][2012-05-23 11:00:28.772] 021400/RncLmUePT(UehHsCellChangeC[175]) ../src/UehHsCellChangeC.cpp:7874 INFO:choice point -> false: anyway try to release aal2 connection
[not match][2012-05-23 11:00:32.788] 021400/RnhLmCellCPT(rnhAdmC) ../src/RnhAdmResourceBaseD.cpp:130 ERROR:DecreaseResourceUsage: Attempt to decrease resource dlIubGbrBwResource with delta: 19 which is larger than amount of resources left: 12, resource NOT updated
[not match][2012-05-23 11:00:32.788] 021400/RnhLmCellCPT rlibTraceTraceFunctions.cc:211 INFO:<key -1931451104 part 2>"1,newActiveSetSize 0,oldSfDl 256,newSfDl 0,oldCodeNo 23,oldTimePosition -1,newTimePosition -1,selectedRLinRLs 1,oldSfUl 4,newSfUl 0,oldDedChTypeUl"rnhIfCellUlDedChType_EDCH",newDedChTypeUl"rnhIfCellUlDedChType_None",compModeRes 0,physicalHsChan 1,eulCellType"rnhIfCellEul_Serving2ms",oldIubGbrBandwidthDl 19,newIubGbrBandwid"
[not match][2012-05-23 11:00:32.788] 021400/RnhLmCellCPT(rnhAdmC) ../src/RnhAdmCellIubLinkResourceManagerD.cpp:282 ERROR:<key -1931451104 part 3>"thDl 0,oldIubGbrBandwidthUl 1569,newIubGbrBandwidthUl 0,speechOnly"speechNotValid",oldRcState 25,newRcState 4}"
[not match][2012-05-23 11:00:49.880] 021400/RnhLmCellCPT(rnhCellRoC[62]) ../src/RnhCellRoC.cpp:7901 INFO:rnhCellRoC[cellFroId 671, iubLinkFroId 146] failed to unlock cell, reason : RnhCellDataD::errorStatusNbapFailed
[not match][2012-05-23 11:00:50.392] 021400/RncLmUePT(UehHsCellChangeC[175]) ../src/UehHsCellChangeC.cpp:7874 INFO:choice point -> false: anyway try to release aal2 connection
[not match][2012-05-23 11:00:51.504] 021400/RnhLmCellCPT(rnhAdmC) ../src/RnhAdmResourceBaseD.cpp:130 ERROR:DecreaseResourceUsage: Attempt to decrease resource dlIubGbrBwResource with delta: 10 which is larger than amount of resources left: 6, resource NOT updated
[not match][2012-05-23 11:00:51.504] 021400/RnhLmCellCPT rlibTraceTraceFunctions.cc:211 INFO:<key -1819541584 part 2>"2,newActiveSetSize 1,oldSfDl 128,newSfDl 0,oldCodeNo 11,oldTimePosition -1,newTimePosition -1,selectedRLinRLs 1,oldSfUl 64,newSfUl 0,oldDedChTypeUl"rnhIfCellUlDedChType_DCH",newDedChTypeUl"rnhIfCellUlDedChType_None",compModeRes 0,physicalHsChan 0,eulCellType"rnhIfCellEul_NotValid",oldIubGbrBandwidthDl 10,newIubGbrBandwidth"
[not match][2012-05-23 11:00:51.504] 021400/RnhLmCellCPT(rnhAdmC) ../src/RnhAdmCellIubLinkResourceManagerD.cpp:282 ERROR:<key -1819541584 part 3>"Dl 0,oldIubGbrBandwidthUl 12,newIubGbrBandwidthUl 0,speechOnly"speechNotValid",oldRcState 1,newRcState 1}"
[not match][2012-05-23 11:00:59.652] 021400/RnhLmCellCPT(rnhAdmC) ../src/RnhAdmResourceBaseD.cpp:130 ERROR:DecreaseResourceUsage: Attempt to decrease resource dlIubGbrBwResource with delta: 9 which is larger than amount of resources left: 0, resource NOT updated
[not match][2012-05-23 11:00:59.656] 021400/RnhLmCellCPT rlibTraceTraceFunctions.cc:211 INFO:<key -1819568896 part 2>"Size 2,newActiveSetSize 2,oldSfDl 256,newSfDl 32,oldCodeNo 23,oldTimePosition -1,newTimePosition -1,selectedRLinRLs 1,oldSfUl 32,newSfUl 16,oldDedChTypeUl"rnhIfCellUlDedChType_EDCH",newDedChTypeUl"rnhIfCellUlDedChType_DCH",compModeRes 0,physicalHsChan 1,eulCellType"rnhIfCellEul_Serving10ms",oldIubGbrBandwidthDl 19,newIubGb"
[not match][2012-05-23 11:00:59.656] 021400/RnhLmCellCPT(rnhAdmC) ../src/RnhAdmCellIubLinkResourceManagerD.cpp:282 ERROR:<key -1819568896 part 3>"rBandwidthDl 10,oldIubGbrBandwidthUl 376,newIubGbrBandwidthUl 12,speechOnly"speechNotValid",oldRcState 25,newRcState 5}"
[not match][2012-05-23 11:00:59.800] 021400/RnhLmCellCPT(rnhAdmC) ../src/RnhAdmResourceBaseD.cpp:130 ERROR:DecreaseResourceUsage: Attempt to decrease resource dlIubGbrBwResource with delta: 19 which is larger than amount of resources left: 0, resource NOT updated
[not match][2012-05-23 11:00:59.800] 021400/RnhLmCellCPT rlibTraceTraceFunctions.cc:211 INFO:<key -1819568896 part 2>" 1,newActiveSetSize 0,oldSfDl 256,newSfDl 0,oldCodeNo 19,oldTimePosition -1,newTimePosition -1,selectedRLinRLs 1,oldSfUl 32,newSfUl 0,oldDedChTypeUl"rnhIfCellUlDedChType_EDCH",newDedChTypeUl"rnhIfCellUlDedChType_None",compModeRes 0,physicalHsChan 1,eulCellType"rnhIfCellEul_Serving10ms",oldIubGbrBandwidthDl 19,newIubGbrBand"
[not match][2012-05-23 11:00:59.800] 021400/RnhLmCellCPT(rnhAdmC) ../src/RnhAdmCellIubLinkResourceManagerD.cpp:282 ERROR:<key -1819568896 part 3>"widthDl 0,oldIubGbrBandwidthUl 376,newIubGbrBandwidthUl 0,speechOnly"speechNotValid",oldRcState 25,newRcState 4}"
[not match][2012-05-23 11:00:59.936] 021400/RnhLmCellCPT(rnhAdmC) ../src/RnhAdmResourceBaseD.cpp:130 ERROR:DecreaseResourceUsage: Attempt to decrease resource dlIubGbrBwResource with delta: 10 which is larger than amount of resources left: 0, resource NOT updated
[not match][2012-05-23 11:00:59.936] 021400/RnhLmCellCPT rlibTraceTraceFunctions.cc:211 INFO:<key -1819568896 part 2>"ze 2,newActiveSetSize 1,oldSfDl 32,newSfDl 0,oldCodeNo 12,oldTimePosition -1,newTimePosition -1,selectedRLinRLs 1,oldSfUl 16,newSfUl 0,oldDedChTypeUl"rnhIfCellUlDedChType_DCH",newDedChTypeUl"rnhIfCellUlDedChType_None",compModeRes 0,physicalHsChan 0,eulCellType"rnhIfCellEul_NotValid",oldIubGbrBandwidthDl 10,newIubGbrBandwid"
[not match][2012-05-23 11:00:59.936] 021400/RnhLmCellCPT(rnhAdmC) ../src/RnhAdmCellIubLinkResourceManagerD.cpp:282 ERROR:<key -1819568896 part 3>"thDl 0,oldIubGbrBandwidthUl 12,newIubGbrBandwidthUl 0,speechOnly"speechNotValid",oldRcState 5,newRcState 5}"
[not match][2012-05-23 11:01:00.000] 021400/RnhLmCellCPT(rnhAdmC) ../src/RnhAdmResourceBaseD.cpp:130 ERROR:DecreaseResourceUsage: Attempt to decrease resource dlIubGbrBwResource with delta: 19 which is larger than amount of resources left: 10, resource NOT updated
[not match][2012-05-23 11:01:00.000] 021400/RnhLmCellCPT rlibTraceTraceFunctions.cc:211 INFO:<key -1819568896 part 2>" 1,newActiveSetSize 0,oldSfDl 256,newSfDl 0,oldCodeNo 23,oldTimePosition -1,newTimePosition -1,selectedRLinRLs 1,oldSfUl 32,newSfUl 0,oldDedChTypeUl"rnhIfCellUlDedChType_EDCH",newDedChTypeUl"rnhIfCellUlDedChType_None",compModeRes 0,physicalHsChan 1,eulCellType"rnhIfCellEul_Serving10ms",oldIubGbrBandwidthDl 19,newIubGbrBand"
[not match][2012-05-23 11:01:00.000] 021400/RnhLmCellCPT(rnhAdmC) ../src/RnhAdmCellIubLinkResourceManagerD.cpp:282 ERROR:<key -1819568896 part 3>"widthDl 0,oldIubGbrBandwidthUl 376,newIubGbrBandwidthUl 0,speechOnly"speechNotValid",oldRcState 25,newRcState 4}"
[not match][2012-05-23 11:01:00.284] 021400/RnhLmCellCPT(rnhAdmC) ../src/RnhAdmResourceBaseD.cpp:130 ERROR:DecreaseResourceUsage: Attempt to decrease resource dlIubGbrBwResource with delta: 19 which is larger than amount of resources left: 10, resource NOT updated
[not match][2012-05-23 11:01:00.284] 021400/RnhLmCellCPT rlibTraceTraceFunctions.cc:211 INFO:<key -1819568896 part 2>" 1,newActiveSetSize 0,oldSfDl 256,newSfDl 0,oldCodeNo 23,oldTimePosition -1,newTimePosition -1,selectedRLinRLs 1,oldSfUl 32,newSfUl 0,oldDedChTypeUl"rnhIfCellUlDedChType_EDCH",newDedChTypeUl"rnhIfCellUlDedChType_None",compModeRes 0,physicalHsChan 1,eulCellType"rnhIfCellEul_Serving10ms",oldIubGbrBandwidthDl 19,newIubGbrBand"
[not match][2012-05-23 11:01:00.284] 021400/RnhLmCellCPT(rnhAdmC) ../src/RnhAdmCellIubLinkResourceManagerD.cpp:282 ERROR:<key -1819568896 part 3>"widthDl 0,oldIubGbrBandwidthUl 376,newIubGbrBandwidthUl 0,speechOnly"speechNotValid",oldRcState 25,newRcState 0}"
[not match][2012-05-23 11:01:00.572] 021400/RnhLmCellCPT(rnhAdmC) ../src/RnhAdmResourceBaseD.cpp:130 ERROR:DecreaseResourceUsage: Attempt to decrease resource dlIubGbrBwResource with delta: 19 which is larger than amount of resources left: 10, resource NOT updated
[not match][2012-05-23 11:01:00.572] 021400/RnhLmCellCPT rlibTraceTraceFunctions.cc:211 INFO:<key -1821155264 part 2>" 3,newActiveSetSize 0,oldSfDl 256,newSfDl 0,oldCodeNo 29,oldTimePosition -1,newTimePosition -1,selectedRLinRLs 1,oldSfUl 32,newSfUl 0,oldDedChTypeUl"rnhIfCellUlDedChType_EDCH",newDedChTypeUl"rnhIfCellUlDedChType_None",compModeRes 0,physicalHsChan 1,eulCellType"rnhIfCellEul_Serving10ms",oldIubGbrBandwidthDl 19,newIubGbrBand"
[not match][2012-05-23 11:01:00.572] 021400/RnhLmCellCPT(rnhAdmC) ../src/RnhAdmCellIubLinkResourceManagerD.cpp:282 ERROR:<key -1821155264 part 3>"widthDl 0,oldIubGbrBandwidthUl 376,newIubGbrBandwidthUl 0,speechOnly"speechNotValid",oldRcState 25,newRcState 4}"
[not match][2012-05-23 11:01:02.228] 021400/RnhLmCellCPT(rnhAdmC) ../src/RnhAdmResourceBaseD.cpp:130 ERROR:DecreaseResourceUsage: Attempt to decrease resource dlIubGbrBwResource with delta: 19 which is larger than amount of resources left: 10, resource NOT updated
[not match][2012-05-23 11:01:02.228] 021400/RnhLmCellCPT rlibTraceTraceFunctions.cc:211 INFO:<key -1821155264 part 2>"1,newActiveSetSize 0,oldSfDl 256,newSfDl 0,oldCodeNo 24,oldTimePosition -1,newTimePosition -1,selectedRLinRLs 1,oldSfUl 32,newSfUl 0,oldDedChTypeUl"rnhIfCellUlDedChType_EDCH",newDedChTypeUl"rnhIfCellUlDedChType_None",compModeRes 0,physicalHsChan 1,eulCellType"rnhIfCellEul_Serving10ms",oldIubGbrBandwidthDl 19,newIubGbrBandw"
[not match][2012-05-23 11:01:02.228] 021400/RnhLmCellCPT(rnhAdmC) ../src/RnhAdmCellIubLinkResourceManagerD.cpp:282 ERROR:<key -1821155264 part 3>"idthDl 0,oldIubGbrBandwidthUl 376,newIubGbrBandwidthUl 0,speechOnly"speechNotValid",oldRcState 25,newRcState 4}"
[not match][2012-05-23 11:01:03.148] 021400/RnhLmCellCPT(rnhAdmC) ../src/RnhAdmResourceBaseD.cpp:130 ERROR:DecreaseResourceUsage: Attempt to decrease resource dlIubGbrBwResource with delta: 10 which is larger than amount of resources left: 9, resource NOT updated
[not match][2012-05-23 11:01:03.148] 021400/RnhLmCellCPT rlibTraceTraceFunctions.cc:211 INFO:<key -1818656144 part 2>"ze 2,newActiveSetSize 0,oldSfDl 32,newSfDl 0,oldCodeNo 9,oldTimePosition -1,newTimePosition -1,selectedRLinRLs 1,oldSfUl 16,newSfUl 0,oldDedChTypeUl"rnhIfCellUlDedChType_DCH",newDedChTypeUl"rnhIfCellUlDedChType_None",compModeRes 1,physicalHsChan 0,eulCellType"rnhIfCellEul_NotValid",oldIubGbrBandwidthDl 10,newIubGbrBandwidt"
[not match][2012-05-23 11:01:03.148] 021400/RnhLmCellCPT(rnhAdmC) ../src/RnhAdmCellIubLinkResourceManagerD.cpp:282 ERROR:<key -1818656144 part 3>"hDl 0,oldIubGbrBandwidthUl 12,newIubGbrBandwidthUl 0,speechOnly"speechNotValid",oldRcState 5,newRcState 4}"
[not match][2012-05-23 11:01:03.588] 021400/RnhLmCellCPT(rnhAdmC) ../src/RnhAdmResourceBaseD.cpp:130 ERROR:DecreaseResourceUsage: Attempt to decrease resource dlIubGbrBwResource with delta: 19 which is larger than amount of resources left: 9, resource NOT updated
[not match][2012-05-23 11:01:03.588] 021400/RnhLmCellCPT rlibTraceTraceFunctions.cc:211 INFO:<key -1818656144 part 2>" 1,newActiveSetSize 0,oldSfDl 256,newSfDl 0,oldCodeNo 19,oldTimePosition -1,newTimePosition -1,selectedRLinRLs 1,oldSfUl 32,newSfUl 0,oldDedChTypeUl"rnhIfCellUlDedChType_EDCH",newDedChTypeUl"rnhIfCellUlDedChType_None",compModeRes 0,physicalHsChan 1,eulCellType"rnhIfCellEul_Serving10ms",oldIubGbrBandwidthDl 19,newIubGbrBand"
[not match][2012-05-23 11:01:03.588] 021400/RnhLmCellCPT(rnhAdmC) ../src/RnhAdmCellIubLinkResourceManagerD.cpp:282 ERROR:<key -1818656144 part 3>"widthDl 0,oldIubGbrBandwidthUl 376,newIubGbrBandwidthUl 0,speechOnly"speechNotValid",oldRcState 25,newRcState 4}"
[not match][2012-05-23 11:01:03.680] 021400/RnhLmCellCPT(rnhAdmC) ../src/RnhAdmResourceBaseD.cpp:130 ERROR:DecreaseResourceUsage: Attempt to decrease resource dlIubGbrBwResource with delta: 10 which is larger than amount of resources left: 9, resource NOT updated
[not match][2012-05-23 11:01:03.680] 021400/RnhLmCellCPT rlibTraceTraceFunctions.cc:211 INFO:<key -1818656144 part 2>"ze 2,newActiveSetSize 0,oldSfDl 32,newSfDl 0,oldCodeNo 10,oldTimePosition -1,newTimePosition -1,selectedRLinRLs 1,oldSfUl 16,newSfUl 0,oldDedChTypeUl"rnhIfCellUlDedChType_DCH",newDedChTypeUl"rnhIfCellUlDedChType_None",compModeRes 1,physicalHsChan 0,eulCellType"rnhIfCellEul_NotValid",oldIubGbrBandwidthDl 10,newIubGbrBandwid"
[not match][2012-05-23 11:01:03.680] 021400/RnhLmCellCPT(rnhAdmC) ../src/RnhAdmCellIubLinkResourceManagerD.cpp:282 ERROR:<key -1818656144 part 3>"thDl 0,oldIubGbrBandwidthUl 12,newIubGbrBandwidthUl 0,speechOnly"speechNotValid",oldRcState 5,newRcState 4}"
[not match][2012-05-23 11:01:03.948] 021400/RnhLmCellCPT(rnhAdmC) ../src/RnhAdmResourceBaseD.cpp:130 ERROR:DecreaseResourceUsage: Attempt to decrease resource dlIubGbrBwResource with delta: 19 which is larger than amount of resources left: 9, resource NOT updated
[not match][2012-05-23 11:01:03.948] 021400/RnhLmCellCPT rlibTraceTraceFunctions.cc:211 INFO:<key -1818656144 part 2>"1,newActiveSetSize 0,oldSfDl 256,newSfDl 0,oldCodeNo 20,oldTimePosition -1,newTimePosition -1,selectedRLinRLs 1,oldSfUl 32,newSfUl 0,oldDedChTypeUl"rnhIfCellUlDedChType_EDCH",newDedChTypeUl"rnhIfCellUlDedChType_None",compModeRes 0,physicalHsChan 1,eulCellType"rnhIfCellEul_Serving10ms",oldIubGbrBandwidthDl 19,newIubGbrBandw"
[not match][2012-05-23 11:01:03.948] 021400/RnhLmCellCPT(rnhAdmC) ../src/RnhAdmCellIubLinkResourceManagerD.cpp:282 ERROR:<key -1818656144 part 3>"idthDl 0,oldIubGbrBandwidthUl 376,newIubGbrBandwidthUl 0,speechOnly"speechNotValid",oldRcState 25,newRcState 4}"
[not match][2012-05-23 11:01:04.184] 021400/RnhLmCellCPT(rnhAdmC) ../src/RnhAdmResourceBaseD.cpp:130 ERROR:DecreaseResourceUsage: Attempt to decrease resource dlIubGbrBwResource with delta: 19 which is larger than amount of resources left: 9, resource NOT updated
[not match][2012-05-23 11:01:04.184] 021400/RnhLmCellCPT rlibTraceTraceFunctions.cc:211 INFO:<key -1818656144 part 2>",newActiveSetSize 0,oldSfDl 256,newSfDl 0,oldCodeNo 40,oldTimePosition -1,newTimePosition -1,selectedRLinRLs 1,oldSfUl 32,newSfUl 0,oldDedChTypeUl"rnhIfCellUlDedChType_EDCH",newDedChTypeUl"rnhIfCellUlDedChType_None",compModeRes 0,physicalHsChan 1,eulCellType"rnhIfCellEul_Serving10ms",oldIubGbrBandwidthDl 19,newIubGbrBandwi"
[not match][2012-05-23 11:01:04.184] 021400/RnhLmCellCPT(rnhAdmC) ../src/RnhAdmCellIubLinkResourceManagerD.cpp:282 ERROR:<key -1818656144 part 3>"dthDl 0,oldIubGbrBandwidthUl 376,newIubGbrBandwidthUl 0,speechOnly"speechNotValid",oldRcState 25,newRcState 4}"
[not match][2012-05-23 11:01:19.420] 021400/RncLmUePT(UehHsCellChangeC[2]) ../src/UehHsCellChangeC.cpp:7874 INFO:choice point -> false: anyway try to release aal2 connection
[not match][2012-05-23 11:01:20.580] 021400/RnhLmCellCPT(rnhCellRoC[62]) ../src/RnhCellRoC.cpp:7901 INFO:rnhCellRoC[cellFroId 671, iubLinkFroId 146] failed to unlock cell, reason : RnhCellDataD::errorStatusNbapFailed
[not match][2012-05-23 11:01:46.232] 021400/RnhLmCellCPT(rnhAdmC) ../src/RnhAdmResourceBaseD.cpp:130 ERROR:DecreaseResourceUsage: Attempt to decrease resource dlIubGbrBwResource with delta: 9 which is larger than amount of resources left: 2, resource NOT updated
[not match][2012-05-23 11:01:46.232] 021400/RnhLmCellCPT rlibTraceTraceFunctions.cc:211 INFO:<key -1819796016 part 2>"ize 3,newActiveSetSize 3,oldSfDl 256,newSfDl 32,oldCodeNo 20,oldTimePosition -1,newTimePosition -1,selectedRLinRLs 0,oldSfUl 32,newSfUl 16,oldDedChTypeUl"rnhIfCellUlDedChType_EDCH",newDedChTypeUl"rnhIfCellUlDedChType_DCH",compModeRes 0,physicalHsChan 0,eulCellType"rnhIfCellEul_NonServing10ms",oldIubGbrBandwidthDl 19,newIub"
[not match][2012-05-23 11:01:46.232] 021400/RnhLmCellCPT(rnhAdmC) ../src/RnhAdmCellIubLinkResourceManagerD.cpp:282 ERROR:<key -1819796016 part 3>"GbrBandwidthDl 10,oldIubGbrBandwidthUl 376,newIubGbrBandwidthUl 12,speechOnly"speechNotValid",oldRcState 25,newRcState 5}"
[not match][2012-05-23 11:01:51.288] 021400/RnhLmCellCPT(rnhCellRoC[62]) ../src/RnhCellRoC.cpp:7901 INFO:rnhCellRoC[cellFroId 671, iubLinkFroId 146] failed to unlock cell, reason : RnhCellDataD::errorStatusNbapFailed
[not match][2012-05-23 11:02:21.996] 021400/RnhLmCellCPT(rnhCellRoC[62]) ../src/RnhCellRoC.cpp:7901 INFO:rnhCellRoC[cellFroId 671, iubLinkFroId 146] failed to unlock cell, reason : RnhCellDataD::errorStatusNbapFailed
[not match][2012-05-23 11:02:47.780] 021400/RncLmUePT(uehDriftUeCtxtC[30]) ../src/UehDriftUeCtxtC.cpp:9351 ERROR:received DEDMEAS Req while no ded resource, ignore to avoid crash
[not match][2012-05-23 11:02:52.700] 021400/RnhLmCellCPT(rnhCellRoC[62]) ../src/RnhCellRoC.cpp:7901 INFO:rnhCellRoC[cellFroId 671, iubLinkFroId 146] failed to unlock cell, reason : RnhCellDataD::errorStatusNbapFailed
[not match][2012-05-23 11:02:53.448] 021400/RncLmUePT(UehHsCellChangeC[233]) ../src/UehHsCellChangeC.cpp:7874 INFO:choice point -> false: anyway try to release aal2 connection
[not match][2012-05-23 11:03:21.892] 021400/RnhLmCellCPT(rnhAdmC) ../src/RnhAdmResourceBaseD.cpp:130 ERROR:DecreaseResourceUsage: Attempt to decrease resource dlIubGbrBwResource with delta: 95 which is larger than amount of resources left: 89, resource NOT updated
[not match][2012-05-23 11:03:21.892] 021400/RnhLmCellCPT rlibTraceTraceFunctions.cc:211 INFO:<key -1819471840 part 2>"ze 3,newActiveSetSize 0,oldSfDl 128,newSfDl 0,oldCodeNo 25,oldTimePosition -1,newTimePosition -1,selectedRLinRLs 1,oldSfUl 64,newSfUl 0,oldDedChTypeUl"rnhIfCellUlDedChType_DCH",newDedChTypeUl"rnhIfCellUlDedChType_None",compModeRes 1,physicalHsChan 0,eulCellType"rnhIfCellEul_NotValid",oldIubGbrBandwidthDl 95,newIubGbrBandwi"
[not match][2012-05-23 11:03:21.892] 021400/RnhLmCellCPT(rnhAdmC) ../src/RnhAdmCellIubLinkResourceManagerD.cpp:282 ERROR:<key -1819471840 part 3>"dthDl 0,oldIubGbrBandwidthUl 101,newIubGbrBandwidthUl 0,speechOnly"exitSpeechOnly",oldRcState 2,newRcState 0}"
[not match][2012-05-23 11:03:23.412] 021400/RnhLmCellCPT(rnhCellRoC[62]) ../src/RnhCellRoC.cpp:7901 INFO:rnhCellRoC[cellFroId 671, iubLinkFroId 146] failed to unlock cell, reason : RnhCellDataD::errorStatusNbapFailed
[not match][2012-05-23 11:03:29.652] 021400/RnhLmCellCPT(rnhAdmC) ../src/RnhAdmResourceBaseD.cpp:130 ERROR:DecreaseResourceUsage: Attempt to decrease resource dlIubGbrBwResource with delta: 10 which is larger than amount of resources left: 5, resource NOT updated
[not match][2012-05-23 11:03:29.652] 021400/RnhLmCellCPT rlibTraceTraceFunctions.cc:211 INFO:<key -1819359536 part 2>",newActiveSetSize 0,oldSfDl 128,newSfDl 0,oldCodeNo 9,oldTimePosition -1,newTimePosition -1,selectedRLinRLs 1,oldSfUl 64,newSfUl 0,oldDedChTypeUl"rnhIfCellUlDedChType_DCH",newDedChTypeUl"rnhIfCellUlDedChType_None",compModeRes 0,physicalHsChan 0,eulCellType"rnhIfCellEul_NotValid",oldIubGbrBandwidthDl 10,newIubGbrBandwidthDl"
[not match][2012-05-23 11:03:29.652] 021400/RnhLmCellCPT(rnhAdmC) ../src/RnhAdmCellIubLinkResourceManagerD.cpp:282 ERROR:<key -1819359536 part 3>" 0,oldIubGbrBandwidthUl 12,newIubGbrBandwidthUl 0,speechOnly"speechNotValid",oldRcState 1,newRcState 0}"
[not match][2012-05-23 11:03:54.076] 021400/RnhLmCellCPT(rnhAdmC) ../src/RnhAdmResourceBaseD.cpp:130 ERROR:DecreaseResourceUsage: Attempt to decrease resource dlIubGbrBwResource with delta: 10 which is larger than amount of resources left: 5, resource NOT updated
[not match][2012-05-23 11:03:54.076] 021400/RnhLmCellCPT rlibTraceTraceFunctions.cc:211 INFO:<key -1931451104 part 2>"2,newActiveSetSize 1,oldSfDl 128,newSfDl 0,oldCodeNo 12,oldTimePosition -1,newTimePosition -1,selectedRLinRLs 1,oldSfUl 64,newSfUl 0,oldDedChTypeUl"rnhIfCellUlDedChType_DCH",newDedChTypeUl"rnhIfCellUlDedChType_None",compModeRes 0,physicalHsChan 0,eulCellType"rnhIfCellEul_NotValid",oldIubGbrBandwidthDl 10,newIubGbrBandwidth"
[not match][2012-05-23 11:03:54.076] 021400/RnhLmCellCPT(rnhAdmC) ../src/RnhAdmCellIubLinkResourceManagerD.cpp:282 ERROR:<key -1931451104 part 3>"Dl 0,oldIubGbrBandwidthUl 12,newIubGbrBandwidthUl 0,speechOnly"speechNotValid",oldRcState 1,newRcState 1}"
[not match][2012-05-23 11:03:54.136] 021400/RnhLmCellCPT(rnhCellRoC[62]) ../src/RnhCellRoC.cpp:7901 INFO:rnhCellRoC[cellFroId 671, iubLinkFroId 146] failed to unlock cell, reason : RnhCellDataD::errorStatusNbapFailed
[not match][2012-05-23 11:03:55.300] 021400/RncLmUePT(UehHsCellChangeC[258]) ../src/UehHsCellChangeC.cpp:7874 INFO:choice point -> false: anyway try to release aal2 connection
[not match][2012-05-23 11:04:01.280] 021400/RncLmUePT(UehHsCellChangeC[258]) ../src/UehHsCellChangeC.cpp:7874 INFO:choice point -> false: anyway try to release aal2 connection
[not match][2012-05-23 11:04:07.720] 021400/RnhLmCellCPT(rnhAdmC) ../src/RnhAdmResourceBaseD.cpp:130 ERROR:DecreaseResourceUsage: Attempt to decrease resource dlIubGbrBwResource with delta: 11 which is larger than amount of resources left: 6, resource NOT updated
[not match][2012-05-23 11:04:07.720] 021400/RnhLmCellCPT rlibTraceTraceFunctions.cc:211 INFO:<key -1819481392 part 2>"1,newActiveSetSize 0,oldSfDl 256,newSfDl 0,oldCodeNo 34,oldTimePosition -1,newTimePosition -1,selectedRLinRLs 1,oldSfUl 4,newSfUl 0,oldDedChTypeUl"rnhIfCellUlDedChType_EDCH",newDedChTypeUl"rnhIfCellUlDedChType_None",compModeRes 0,physicalHsChan 1,eulCellType"rnhIfCellEul_Serving2ms",oldIubGbrBandwidthDl 11,newIubGbrBandwid"
[not match][2012-05-23 11:04:07.720] 021400/RnhLmCellCPT(rnhAdmC) ../src/RnhAdmCellIubLinkResourceManagerD.cpp:282 ERROR:<key -1819481392 part 3>"thDl 0,oldIubGbrBandwidthUl 647,newIubGbrBandwidthUl 0,speechOnly"speechNotValid",oldRcState 25,newRcState 4}"
[not match][2012-05-23 11:04:10.724] 021400/RnhLmCellCPT(rnhAdmC) ../src/RnhAdmResourceBaseD.cpp:130 ERROR:DecreaseResourceUsage: Attempt to decrease resource dlIubGbrBwResource with delta: 19 which is larger than amount of resources left: 13, resource NOT updated
[not match][2012-05-23 11:04:10.724] 021400/RnhLmCellCPT rlibTraceTraceFunctions.cc:211 INFO:<key -1821614064 part 2>" 1,newActiveSetSize 0,oldSfDl 256,newSfDl 0,oldCodeNo 19,oldTimePosition -1,newTimePosition -1,selectedRLinRLs 1,oldSfUl 4,newSfUl 0,oldDedChTypeUl"rnhIfCellUlDedChType_EDCH",newDedChTypeUl"rnhIfCellUlDedChType_None",compModeRes 0,physicalHsChan 1,eulCellType"rnhIfCellEul_Serving2ms",oldIubGbrBandwidthDl 19,newIubGbrBandwi"
[not match][2012-05-23 11:04:10.724] 021400/RnhLmCellCPT(rnhAdmC) ../src/RnhAdmCellIubLinkResourceManagerD.cpp:282 ERROR:<key -1821614064 part 3>"dthDl 0,oldIubGbrBandwidthUl 1569,newIubGbrBandwidthUl 0,speechOnly"speechNotValid",oldRcState 25,newRcState 4}"
[not match][2012-05-23 11:04:24.848] 021400/RnhLmCellCPT(rnhCellRoC[62]) ../src/RnhCellRoC.cpp:7901 INFO:rnhCellRoC[cellFroId 671, iubLinkFroId 146] failed to unlock cell, reason : RnhCellDataD::errorStatusNbapFailed
[not match][2012-05-23 11:04:46.064] 021400/DrhCcRhComSubLayer3PT(drhCcRhSpOseProxyCR1) ../src/DrhCcRhSpOseProxyC.cpp:353 INFO:sendPagingToMySps: dropped paging statistics for SP[0]: 0 of 10000 cell lists dropped (0 of 580000 cells dropped)
[not match][2012-05-23 11:04:55.556] 021400/RnhLmCellCPT(rnhCellRoC[62]) ../src/RnhCellRoC.cpp:7901 INFO:rnhCellRoC[cellFroId 671, iubLinkFroId 146] failed to unlock cell, reason : RnhCellDataD::errorStatusNbapFailed
[not match][2012-05-23 11:05:18.996] 021400/RncLmUePT(UehHsCellChangeC[258]) ../src/UehHsCellChangeC.cpp:7874 INFO:choice point -> false: anyway try to release aal2 connection
[not match][2012-05-23 11:05:26.272] 021400/RnhLmCellCPT(rnhCellRoC[62]) ../src/RnhCellRoC.cpp:7901 INFO:rnhCellRoC[cellFroId 671, iubLinkFroId 146] failed to unlock cell, reason : RnhCellDataD::errorStatusNbapFailed
[not match][2012-05-23 11:05:56.976] 021400/RnhLmCellCPT(rnhCellRoC[62]) ../src/RnhCellRoC.cpp:7901 INFO:rnhCellRoC[cellFroId 671, iubLinkFroId 146] failed to unlock cell, reason : RnhCellDataD::errorStatusNbapFailed
[not match][2012-05-23 11:06:11.732] 021400/RncLmUePT(UehHsCellChangeC[2]) ../src/UehHsCellChangeC.cpp:7874 INFO:choice point -> false: anyway try to release aal2 connection
[not match][2012-05-23 11:06:16.408] 021400/RncLmUePT(rlibInsRnsapTerminatorSrncC) ../src/RlibInsRnsapTerminatorC.cpp:567 ERROR:Cancel transaction: Failed to find remote Transaction in routingTable orderNo 76746248 
[not match][2012-05-23 11:06:17.184] 021400/RncLmUePT(rlibInsRnsapTerminatorSrncC) ../src/RlibInsRnsapTerminatorC.cpp:567 ERROR:Cancel transaction: Failed to find remote Transaction in routingTable orderNo 76746417 
[not match][2012-05-23 11:06:17.424] 021400/RncLmUePT(rlibInsRnsapTerminatorSrncC) ../src/RlibInsRnsapTerminatorC.cpp:567 ERROR:Cancel transaction: Failed to find remote Transaction in routingTable orderNo 76746462 
[not match][2012-05-23 11:06:18.172] 021400/RncLmUePT(rlibInsRnsapTerminatorSrncC) ../src/RlibInsRnsapTerminatorC.cpp:567 ERROR:Cancel transaction: Failed to find remote Transaction in routingTable orderNo 76746617 
[not match][2012-05-23 11:06:18.428] 021400/RncLmUePT(rlibInsRnsapTerminatorSrncC) ../src/RlibInsRnsapTerminatorC.cpp:567 ERROR:Cancel transaction: Failed to find remote Transaction in routingTable orderNo 76746693 
[not match][2012-05-23 11:06:27.692] 021400/RnhLmCellCPT(rnhCellRoC[62]) ../src/RnhCellRoC.cpp:7901 INFO:rnhCellRoC[cellFroId 671, iubLinkFroId 146] failed to unlock cell, reason : RnhCellDataD::errorStatusNbapFailed
[not match][2012-05-23 11:06:34.284] 021400/RoamPmModMP_RoamPmControllerC RlibPmControllerEventCollector.cc:76 INFO:ModOm: RlibPmControllerEventCollector::startScanner (scannerId 30000)
[not match][2012-05-23 11:06:41.416] 021400/RncLmUePT(rlibInsRnsapTerminatorSrncC) ../src/RlibInsRnsapTerminatorC.cpp:567 ERROR:Cancel transaction: Failed to find remote Transaction in routingTable orderNo 76752826 
[not match][2012-05-23 11:06:45.572] 021400/RncLmUePT(UehHsCellChangeC[233]) ../src/UehHsCellChangeC.cpp:7874 INFO:choice point -> false: anyway try to release aal2 connection
[not match][2012-05-23 11:06:58.420] 021400/RnhLmCellCPT(rnhCellRoC[62]) ../src/RnhCellRoC.cpp:7901 INFO:rnhCellRoC[cellFroId 671, iubLinkFroId 146] failed to unlock cell, reason : RnhCellDataD::errorStatusNbapFailed
[not match][2012-05-23 11:07:03.004] 021400/RncLmUePT(UehHsCellChangeC[9]) ../src/UehHsCellChangeC.cpp:7874 INFO:choice point -> false: anyway try to release aal2 connection
[not match][2012-05-23 11:07:04.588] 021400/RncLmUePT(UehHsCellChangeC[85]) ../src/UehHsCellChangeC.cpp:7874 INFO:choice point -> false: anyway try to release aal2 connection
[not match][2012-05-23 11:07:16.648] 021400/RnhLmCellCPT(rnhAdmC) ../src/RnhAdmResourceBaseD.cpp:130 ERROR:DecreaseResourceUsage: Attempt to decrease resource dlIubGbrBwResource with delta: 95 which is larger than amount of resources left: 27, resource NOT updated
[not match][2012-05-23 11:07:16.648] 021400/RnhLmCellCPT rlibTraceTraceFunctions.cc:211 INFO:<key -1822342800 part 2>"e 1,newActiveSetSize 0,oldSfDl 128,newSfDl 0,oldCodeNo 32,oldTimePosition -1,newTimePosition -1,selectedRLinRLs 1,oldSfUl 64,newSfUl 0,oldDedChTypeUl"rnhIfCellUlDedChType_DCH",newDedChTypeUl"rnhIfCellUlDedChType_None",compModeRes 0,physicalHsChan 0,eulCellType"rnhIfCellEul_NotValid",oldIubGbrBandwidthDl 95,newIubGbrBandwid"
[not match][2012-05-23 11:07:16.648] 021400/RnhLmCellCPT(rnhAdmC) ../src/RnhAdmCellIubLinkResourceManagerD.cpp:282 ERROR:<key -1822342800 part 3>"thDl 0,oldIubGbrBandwidthUl 101,newIubGbrBandwidthUl 0,speechOnly"exitSpeechOnly",oldRcState 2,newRcState 0}"
[not match][2012-05-23 11:07:29.140] 021400/RnhLmCellCPT(rnhCellRoC[62]) ../src/RnhCellRoC.cpp:7901 INFO:rnhCellRoC[cellFroId 671, iubLinkFroId 146] failed to unlock cell, reason : RnhCellDataD::errorStatusNbapFailed
[not match][2012-05-23 11:07:37.688] 021400/RnhLmCellCPT(rnhAdmC) ../src/RnhAdmResourceBaseD.cpp:130 ERROR:DecreaseResourceUsage: Attempt to decrease resource dlIubGbrBwResource with delta: 10 which is larger than amount of resources left: 3, resource NOT updated
[not match][2012-05-23 11:07:37.688] 021400/RnhLmCellCPT rlibTraceTraceFunctions.cc:211 INFO:<key -1822783296 part 2>" 3,newActiveSetSize 0,oldSfDl 256,newSfDl 0,oldCodeNo 20,oldTimePosition -1,newTimePosition -1,selectedRLinRLs 1,oldSfUl 64,newSfUl 0,oldDedChTypeUl"rnhIfCellUlDedChType_DCH",newDedChTypeUl"rnhIfCellUlDedChType_None",compModeRes 0,physicalHsChan 1,eulCellType"rnhIfCellEul_NotValid",oldIubGbrBandwidthDl 10,newIubGbrBandwidt"
[not match][2012-05-23 11:07:37.688] 021400/RnhLmCellCPT(rnhAdmC) ../src/RnhAdmCellIubLinkResourceManagerD.cpp:282 ERROR:<key -1822783296 part 3>"hDl 0,oldIubGbrBandwidthUl 12,newIubGbrBandwidthUl 0,speechOnly"speechNotValid",oldRcState 53,newRcState 0}"
[not match][2012-05-23 11:07:59.836] 021400/RnhLmCellCPT(rnhCellRoC[62]) ../src/RnhCellRoC.cpp:7901 INFO:rnhCellRoC[cellFroId 671, iubLinkFroId 146] failed to unlock cell, reason : RnhCellDataD::errorStatusNbapFailed
[not match][2012-05-23 11:08:04.256] 021400/RnhLmCellCPT(rnhAdmC) ../src/RnhAdmResourceBaseD.cpp:130 ERROR:DecreaseResourceUsage: Attempt to decrease resource dlIubGbrBwResource with delta: 19 which is larger than amount of resources left: 12, resource NOT updated
[not match][2012-05-23 11:08:04.256] 021400/RnhLmCellCPT rlibTraceTraceFunctions.cc:211 INFO:<key -1820933584 part 2>" 1,newActiveSetSize 0,oldSfDl 256,newSfDl 0,oldCodeNo 20,oldTimePosition -1,newTimePosition -1,selectedRLinRLs 1,oldSfUl 4,newSfUl 0,oldDedChTypeUl"rnhIfCellUlDedChType_EDCH",newDedChTypeUl"rnhIfCellUlDedChType_None",compModeRes 0,physicalHsChan 1,eulCellType"rnhIfCellEul_Serving2ms",oldIubGbrBandwidthDl 19,newIubGbrBandwi"
[not match][2012-05-23 11:08:04.256] 021400/RnhLmCellCPT(rnhAdmC) ../src/RnhAdmCellIubLinkResourceManagerD.cpp:282 ERROR:<key -1820933584 part 3>"dthDl 0,oldIubGbrBandwidthUl 1569,newIubGbrBandwidthUl 0,speechOnly"speechNotValid",oldRcState 25,newRcState 4}"
[not match][2012-05-23 11:08:08.556] 021400/RnhLmCellCPT(rnhAdmC) ../src/RnhAdmResourceBaseD.cpp:130 ERROR:DecreaseResourceUsage: Attempt to decrease resource dlIubGbrBwResource with delta: 11 which is larger than amount of resources left: 7, resource NOT updated
[not match][2012-05-23 11:08:08.556] 021400/RnhLmCellCPT rlibTraceTraceFunctions.cc:211 INFO:<key -1931451104 part 2>"1,newActiveSetSize 0,oldSfDl 256,newSfDl 0,oldCodeNo 20,oldTimePosition -1,newTimePosition -1,selectedRLinRLs 1,oldSfUl 4,newSfUl 0,oldDedChTypeUl"rnhIfCellUlDedChType_EDCH",newDedChTypeUl"rnhIfCellUlDedChType_None",compModeRes 0,physicalHsChan 1,eulCellType"rnhIfCellEul_Serving2ms",oldIubGbrBandwidthDl 11,newIubGbrBandwid"
[not match][2012-05-23 11:08:08.556] 021400/RnhLmCellCPT(rnhAdmC) ../src/RnhAdmCellIubLinkResourceManagerD.cpp:282 ERROR:<key -1931451104 part 3>"thDl 0,oldIubGbrBandwidthUl 647,newIubGbrBandwidthUl 0,speechOnly"speechNotValid",oldRcState 25,newRcState 4}"
[not match][2012-05-23 11:08:30.552] 021400/RnhLmCellCPT(rnhCellRoC[62]) ../src/RnhCellRoC.cpp:7901 INFO:rnhCellRoC[cellFroId 671, iubLinkFroId 146] failed to unlock cell, reason : RnhCellDataD::errorStatusNbapFailed
[not match][2012-05-23 11:09:01.252] 021400/RnhLmCellCPT(rnhCellRoC[62]) ../src/RnhCellRoC.cpp:7901 INFO:rnhCellRoC[cellFroId 671, iubLinkFroId 146] failed to unlock cell, reason : RnhCellDataD::errorStatusNbapFailed
[not match][2012-05-23 11:09:31.956] 021400/RnhLmCellCPT(rnhCellRoC[62]) ../src/RnhCellRoC.cpp:7901 INFO:rnhCellRoC[cellFroId 671, iubLinkFroId 146] failed to unlock cell, reason : RnhCellDataD::errorStatusNbapFailed
[not match][2012-05-23 11:10:02.648] 021400/RnhLmCellCPT(rnhCellRoC[62]) ../src/RnhCellRoC.cpp:7901 INFO:rnhCellRoC[cellFroId 671, iubLinkFroId 146] failed to unlock cell, reason : RnhCellDataD::errorStatusNbapFailed
[not match][2012-05-23 11:10:31.192] 021400/RncLmUePT(drhDcRhC) ../src/DrhDcRhC.cpp:4002 ERROR:drhDcRhC: signal auditUeReq received on port drhDcRhSpResControlP in state running
[not match][2012-05-23 11:10:31.192] 021400/RncLmUePT(drhDcRhC) ../src/DrhDcRhC.cpp:4003 ERROR:drhDcRhC: signal data: DcsIfResControlAuditUeReqRspD{nrOfAuditElements 1,spId 78,ueList{ueRef 3949,ueModuleId 11,ueAuditId 2951004013},ueIndex -1}
[not match][2012-05-23 11:10:31.192] 021400/RncLmUePT(drhDcRhC) ../src/DrhDcRhC.cpp:4040 ERROR:auditUeReq: Before sending auditUeRsp to Dcs; noUesInRsp 0 
[not match][2012-05-23 11:10:31.192] 021400/RncLmUePT(drhDcRhC) ../src/DrhDcRhC.cpp:4041 ERROR:auditUeReq: Before sending auditUeRsp to Dcs; noUesOnCch 0 noUesOnDch 0
[not match][2012-05-23 11:10:31.204] 021400/RncLmUePT(drhDcRhC) ../src/DrhDcRhC.cpp:4144 ERROR:drhDcRhC: signal auditUeRsp received on port drhIfDcRhAuditP[11] in state running
[not match][2012-05-23 11:10:31.204] 021400/RncLmUePT rlibTraceTraceFunctions.cc:211 INFO:<key -1618012048 part 2>"eAuditId 0},{ueRef 0,ueModuleId 0,ueAuditId 0},{ueRef 0,ueModuleId 0,ueAuditId 0},{ueRef 0,ueModuleId 0,ueAuditId 0},{ueRef 0,ueModuleId 0,ueAuditId 0},{ueRef 0,ueModuleId 0,ueAuditId 0},{ueRef 0,ueModuleId 0,ueAuditId 0},{ueRef 0,ueModuleId 0,ueAuditId 0},{ueRef 0,ueModuleId 0,ueAuditId 0},{ueRef 0,ueModuleId 0,ueAuditId "
[not match][2012-05-23 11:10:31.204] 021400/RncLmUePT rlibTraceTraceFunctions.cc:211 INFO:<key -1618012048 part 3>"0},{ueRef 0,ueModuleId 0,ueAuditId 0},{ueRef 0,ueModuleId 0,ueAuditId 0},{ueRef 0,ueModuleId 0,ueAuditId 0},{ueRef 0,ueModuleId 0,ueAuditId 0},{ueRef 0,ueModuleId 0,ueAuditId 0},{ueRef 0,ueModuleId 0,ueAuditId 0},{ueRef 0,ueModuleId 0,ueAuditId 0},{ueRef 0,ueModuleId 0,ueAuditId 0},{ueRef 0,ueModuleId 0,ueAuditId 0},{ueRef"
[not match][2012-05-23 11:10:31.204] 021400/RncLmUePT rlibTraceTraceFunctions.cc:211 INFO:<key -1618012048 part 4>" 0,ueModuleId 0,ueAuditId 0},{ueRef 0,ueModuleId 0,ueAuditId 0},{ueRef 0,ueModuleId 0,ueAuditId 0},{ueRef 0,ueModuleId 0,ueAuditId 0},{ueRef 0,ueModuleId 0,ueAuditId 0},{ueRef 0,ueModuleId 0,ueAuditId 0},{ueRef 0,ueModuleId 0,ueAuditId 0},{ueRef 0,ueModuleId 0,ueAuditId 0},{ueRef 0,ueModuleId 0,ueAuditId 0},{ueRef 0,ueModu"
[not match][2012-05-23 11:10:31.204] 021400/RncLmUePT rlibTraceTraceFunctions.cc:211 INFO:<key -1618012048 part 5>"leId 0,ueAuditId 0},{ueRef 0,ueModuleId 0,ueAuditId 0},{ueRef 0,ueModuleId 0,ueAuditId 0},{ueRef 0,ueModuleId 0,ueAuditId 0},{ueRef 0,ueModuleId 0,ueAuditId 0},{ueRef 0,ueModuleId 0,ueAuditId 0},{ueRef 0,ueModuleId 0,ueAuditId 0},{ueRef 0,ueModuleId 0,ueAuditId 0},{ueRef 0,ueModuleId 0,ueAuditId 0},{ueRef 0,ueModuleId 0,ue"
[not match][2012-05-23 11:10:31.208] 021400/RncLmUePT rlibTraceTraceFunctions.cc:211 INFO:<key -1618012048 part 6>"AuditId 0},{ueRef 0,ueModuleId 0,ueAuditId 0},{ueRef 0,ueModuleId 0,ueAuditId 0},{ueRef 0,ueModuleId 0,ueAuditId 0},{ueRef 0,ueModuleId 0,ueAuditId 0},{ueRef 0,ueModuleId 0,ueAuditId 0},{ueRef 0,ueModuleId 0,ueAuditId 0},{ueRef 0,ueModuleId 0,ueAuditId 0},{ueRef 0,ueModuleId 0,ueAuditId 0},{ueRef 0,ueModuleId 0,ueAuditId 0"
[not match][2012-05-23 11:10:31.208] 021400/RncLmUePT rlibTraceTraceFunctions.cc:211 INFO:<key -1618012048 part 7>"},{ueRef 0,ueModuleId 0,ueAuditId 0},{ueRef 0,ueModuleId 0,ueAuditId 0},{ueRef 0,ueModuleId 0,ueAuditId 0},{ueRef 0,ueModuleId 0,ueAuditId 0},{ueRef 0,ueModuleId 0,ueAuditId 0},{ueRef 0,ueModuleId 0,ueAuditId 0},{ueRef 0,ueModuleId 0,ueAuditId 0},{ueRef 0,ueModuleId 0,ueAuditId 0},{ueRef 0,ueModuleId 0,ueAuditId 0},{ueRef "
[not match][2012-05-23 11:10:31.208] 021400/RncLmUePT rlibTraceTraceFunctions.cc:211 INFO:<key -1618012048 part 8>"0,ueModuleId 0,ueAuditId 0},{ueRef 0,ueModuleId 0,ueAuditId 0},{ueRef 0,ueModuleId 0,ueAuditId 0},{ueRef 0,ueModuleId 0,ueAuditId 0},{ueRef 0,ueModuleId 0,ueAuditId 0},{ueRef 0,ueModuleId 0,ueAuditId 0},{ueRef 0,ueModuleId 0,ueAuditId 0},{ueRef 0,ueModuleId 0,ueAuditId 0},{ueRef 0,ueModuleId 0,ueAuditId 0},{ueRef 0,ueModul"
[not match][2012-05-23 11:10:31.208] 021400/RncLmUePT rlibTraceTraceFunctions.cc:211 INFO:<key -1618012048 part 9>"eId 0,ueAuditId 0},{ueRef 0,ueModuleId 0,ueAuditId 0},{ueRef 0,ueModuleId 0,ueAuditId 0},{ueRef 0,ueModuleId 0,ueAuditId 0},{ueRef 0,ueModuleId 0,ueAuditId 0},{ueRef 0,ueModuleId 0,ueAuditId 0},{ueRef 0,ueModuleId 0,ueAuditId 0},{ueRef 0,ueModuleId 0,ueAuditId 0},{ueRef 0,ueModuleId 0,ueAuditId 0},{ueRef 0,ueModuleId 0,ueA"
[not match][2012-05-23 11:10:31.208] 021400/DrhDcRhMyClientComSubLayerPT(drhIfDcRhAuditPxyC) ../src/DrhIfDcRhAuditPxyC.cpp:308 INFO:signal auditUeReq received when no connection on conn[0]
[not match][2012-05-23 11:10:31.208] 021400/DrhDcRhMyClientComSubLayerPT(drhIfDcRhAuditPxyC) ../src/DrhIfDcRhAuditPxyC.cpp:308 INFO:signal auditUeReq received when no connection on conn[1]
[not match][2012-05-23 11:10:31.208] 021400/DrhDcRhMyClientComSubLayerPT(drhIfDcRhAuditPxyC) ../src/DrhIfDcRhAuditPxyC.cpp:308 INFO:signal auditUeReq received when no connection on conn[2]
[not match][2012-05-23 11:10:31.208] 021400/DrhDcRhMyClientComSubLayerPT(drhIfDcRhAuditPxyC) ../src/DrhIfDcRhAuditPxyC.cpp:308 INFO:signal auditUeReq received when no connection on conn[3]
[not match][2012-05-23 11:10:31.208] 021400/DrhDcRhMyClientComSubLayerPT(drhIfDcRhAuditPxyC) ../src/DrhIfDcRhAuditPxyC.cpp:308 INFO:signal auditUeReq received when no connection on conn[6]
[not match][2012-05-23 11:10:31.208] 021400/DrhDcRhMyClientComSubLayerPT(drhIfDcRhAuditPxyC) ../src/DrhIfDcRhAuditPxyC.cpp:308 INFO:signal auditUeReq received when no connection on conn[9]
[not match][2012-05-23 11:10:31.208] 021400/DrhDcRhMyClientComSubLayerPT(drhIfDcRhAuditPxyC) ../src/DrhIfDcRhAuditPxyC.cpp:308 INFO:signal auditUeReq received when no connection on conn[14]
[not match][2012-05-23 11:10:33.344] 021400/RnhLmCellCPT(rnhCellRoC[62]) ../src/RnhCellRoC.cpp:7901 INFO:rnhCellRoC[cellFroId 671, iubLinkFroId 146] failed to unlock cell, reason : RnhCellDataD::errorStatusNbapFailed
[not match][2012-05-23 11:10:46.928] 021400/RncLmUePT(uehUeCtxtC[1659]) ../src/UehUeCtxtC.cpp:30644 INFO:Unhandled RNSAP trigger. Delete wrapper to prevent memory leaks!
[not match][2012-05-23 11:10:57.336] 021400/RncLmUePT(uehDriftUeCtxtC[6]) ../src/UehDriftUeCtxtC.cpp:9351 ERROR:received DEDMEAS Req while no ded resource, ignore to avoid crash
[not match][2012-05-23 11:11:04.044] 021400/RnhLmCellCPT(rnhCellRoC[62]) ../src/RnhCellRoC.cpp:7901 INFO:rnhCellRoC[cellFroId 671, iubLinkFroId 146] failed to unlock cell, reason : RnhCellDataD::errorStatusNbapFailed
[not match][2012-05-23 11:11:34.748] 021400/RnhLmCellCPT(rnhCellRoC[62]) ../src/RnhCellRoC.cpp:7901 INFO:rnhCellRoC[cellFroId 671, iubLinkFroId 146] failed to unlock cell, reason : RnhCellDataD::errorStatusNbapFailed
[not match][2012-05-23 11:11:50.268] 021400/RlibPmControllerStatHndlProcess RlibPmAgentCounterEventBuffer.cc:203 INFO:ModOm: The buffer is full (endOfRop = false). Need to send buffer upwards
[not match][2012-05-23 11:12:05.444] 021400/RnhLmCellCPT(rnhCellRoC[62]) ../src/RnhCellRoC.cpp:7901 INFO:rnhCellRoC[cellFroId 671, iubLinkFroId 146] failed to unlock cell, reason : RnhCellDataD::errorStatusNbapFailed
[not match][2012-05-23 11:12:22.172] 021400/RncLmUePT(uehDriftUeCtxtC[186]) ../src/UehDriftUeCtxtC.cpp:9351 ERROR:received DEDMEAS Req while no ded resource, ignore to avoid crash
[not match][2012-05-23 11:12:29.400] 021400/DrhCcRhComSubLayer3PT(drhCcRhSpOseProxyCR1) ../src/DrhCcRhSpOseProxyC.cpp:353 INFO:sendPagingToMySps: dropped paging statistics for SP[0]: 0 of 10000 cell lists dropped (0 of 580000 cells dropped)
[not match][2012-05-23 11:12:33.912] 021400/RncLmUePT(rlibInsRnsapTerminatorSrncC) ../src/RlibInsRnsapTerminatorC.cpp:567 ERROR:Cancel transaction: Failed to find remote Transaction in routingTable orderNo 76845796 
[not match][2012-05-23 11:12:34.252] 021400/RncLmUePT(rlibInsRnsapTerminatorSrncC) ../src/RlibInsRnsapTerminatorC.cpp:567 ERROR:Cancel transaction: Failed to find remote Transaction in routingTable orderNo 76845916 
[not match][2012-05-23 11:12:35.824] 021400/RncLmUePT(rlibInsRnsapTerminatorSrncC) ../src/RlibInsRnsapTerminatorC.cpp:567 ERROR:Cancel transaction: Failed to find remote Transaction in routingTable orderNo 76846356 
[not match][2012-05-23 11:12:36.144] 021400/RnhLmCellCPT(rnhCellRoC[62]) ../src/RnhCellRoC.cpp:7901 INFO:rnhCellRoC[cellFroId 671, iubLinkFroId 146] failed to unlock cell, reason : RnhCellDataD::errorStatusNbapFailed
[not match][2012-05-23 11:12:44.272] 021400/RncLmUePT(uehDriftUeCtxtC[119]) ../src/UehDriftUeCtxtC.cpp:9351 ERROR:received DEDMEAS Req while no ded resource, ignore to avoid crash
[not match][2012-05-23 11:13:06.844] 021400/RnhLmCellCPT(rnhCellRoC[62]) ../src/RnhCellRoC.cpp:7901 INFO:rnhCellRoC[cellFroId 671, iubLinkFroId 146] failed to unlock cell, reason : RnhCellDataD::errorStatusNbapFailed
[not match][2012-05-23 11:13:15.420] 021400/Sys_OMCSF_teLogMain te_log.c:1823 INFO:Monitor overflow: 233 messages lost
[not match][2012-05-23 11:13:37.544] 021400/RnhLmCellCPT(rnhCellRoC[62]) ../src/RnhCellRoC.cpp:7901 INFO:rnhCellRoC[cellFroId 671, iubLinkFroId 146] failed to unlock cell, reason : RnhCellDataD::errorStatusNbapFailed
[not match][2012-05-23 11:13:42.908] 021400/RnhLmCellCPT(rnhAdmC) ../src/RnhAdmResourceBaseD.cpp:130 ERROR:DecreaseResourceUsage: Attempt to decrease resource dlIubGbrBwResource with delta: 19 which is larger than amount of resources left: 1, resource NOT updated
[not match][2012-05-23 11:13:42.908] 021400/RnhLmCellCPT rlibTraceTraceFunctions.cc:211 INFO:<key -1819448048 part 2>"2,newActiveSetSize 0,oldSfDl 256,newSfDl 0,oldCodeNo 21,oldTimePosition -1,newTimePosition -1,selectedRLinRLs 1,oldSfUl 4,newSfUl 0,oldDedChTypeUl"rnhIfCellUlDedChType_EDCH",newDedChTypeUl"rnhIfCellUlDedChType_None",compModeRes 0,physicalHsChan 1,eulCellType"rnhIfCellEul_Serving2ms",oldIubGbrBandwidthDl 19,newIubGbrBandwid"
[not match][2012-05-23 11:13:42.908] 021400/RnhLmCellCPT(rnhAdmC) ../src/RnhAdmCellIubLinkResourceManagerD.cpp:282 ERROR:<key -1819448048 part 3>"thDl 0,oldIubGbrBandwidthUl 1569,newIubGbrBandwidthUl 0,speechOnly"speechNotValid",oldRcState 25,newRcState 4}"
[not match][2012-05-23 11:14:08.240] 021400/RnhLmCellCPT(rnhCellRoC[62]) ../src/RnhCellRoC.cpp:7901 INFO:rnhCellRoC[cellFroId 671, iubLinkFroId 146] failed to unlock cell, reason : RnhCellDataD::errorStatusNbapFailed
[not match][2012-05-23 11:14:38.944] 021400/RnhLmCellCPT(rnhCellRoC[62]) ../src/RnhCellRoC.cpp:7901 INFO:rnhCellRoC[cellFroId 671, iubLinkFroId 146] failed to unlock cell, reason : RnhCellDataD::errorStatusNbapFailed
[not match][2012-05-23 11:15:02.728] 021400/RncLmUePT(uehDriftUeCtxtC[43]) ../src/UehDriftUeCtxtC.cpp:9351 ERROR:received DEDMEAS Req while no ded resource, ignore to avoid crash
[not match][2012-05-23 11:15:05.200] 021400/PmAgentConnectedProcessLoadCtrl RlibPmAgentCounterEventBuffer.cc:315 INFO:LoadCtrl: All counters were sent up - true
[not match][2012-05-23 11:15:05.312] 021400/PmAgentConnectedProcessCell RlibPmAgentCounterEventBuffer.cc:315 INFO:Cell: All counters were sent up - true
[not match][2012-05-23 11:15:05.320] 021400/PmAgentConnectedProcessUe RlibPmAgentCounterEventBuffer.cc:315 INFO:Ue: All counters were sent up - true
[not match][2012-05-23 11:15:05.324] 021400/RlibPmControllerStatHndlProcess RlibPmControllerStatCollector.cc:277 INFO:ModOm: All counters received from subordinate (12 of 12 ready). Request fetch of 19081 remaining counter events. No of counter events collected for the next ROP: 0. 
[not match][2012-05-23 11:15:05.324] 021400/RlibPmControllerStatHndlProcess RlibPmControllerSubordinateStatus.cc:151 INFO:ModOm: No of pending pids for current ROP: 0
[not match][2012-05-23 11:15:09.520] 021400/RlibPmControllerStatHndlProcess RlibPmAgentCounterEventBuffer.cc:315 INFO:ModOm: All counters were sent up - true
[not match][2012-05-23 11:15:09.668] 021400/RnhLmCellCPT(rnhCellRoC[62]) ../src/RnhCellRoC.cpp:7901 INFO:rnhCellRoC[cellFroId 671, iubLinkFroId 146] failed to unlock cell, reason : RnhCellDataD::errorStatusNbapFailed
[not match][2012-05-23 11:15:15.996] 021400/RlibPmControllerStatHndlProcess RlibPmControllerStatCollector.cc:925 INFO:ModOm: End counter freeze
[not match][2012-05-23 11:15:40.360] 021400/RnhLmCellCPT(rnhCellRoC[62]) ../src/RnhCellRoC.cpp:7901 INFO:rnhCellRoC[cellFroId 671, iubLinkFroId 146] failed to unlock cell, reason : RnhCellDataD::errorStatusNbapFailed
[not match][2012-05-23 11:16:10.308] 021400/RncLmUePT(uehDriftUeCtxtC[170]) ../src/UehDriftUeCtxtC.cpp:9351 ERROR:received DEDMEAS Req while no ded resource, ignore to avoid crash
[not match][2012-05-23 11:16:11.060] 021400/RnhLmCellCPT(rnhCellRoC[62]) ../src/RnhCellRoC.cpp:7901 INFO:rnhCellRoC[cellFroId 671, iubLinkFroId 146] failed to unlock cell, reason : RnhCellDataD::errorStatusNbapFailed
[not match][2012-05-23 11:16:18.680] 021400/RncLmUePT(uehDriftUeCtxtC[140]) ../src/UehDriftUeCtxtC.cpp:9351 ERROR:received DEDMEAS Req while no ded resource, ignore to avoid crash
[not match][2012-05-23 11:16:23.220] 021400/RnhLmCellCPT(rnhAdmC) ../src/RnhAdmResourceBaseD.cpp:130 ERROR:DecreaseResourceUsage: Attempt to decrease resource dlIubGbrBwResource with delta: 19 which is larger than amount of resources left: 12, resource NOT updated
[not match][2012-05-23 11:16:23.220] 021400/RnhLmCellCPT rlibTraceTraceFunctions.cc:211 INFO:<key -1819625152 part 2>"2,newActiveSetSize 0,oldSfDl 256,newSfDl 0,oldCodeNo 21,oldTimePosition -1,newTimePosition -1,selectedRLinRLs 1,oldSfUl 32,newSfUl 0,oldDedChTypeUl"rnhIfCellUlDedChType_EDCH",newDedChTypeUl"rnhIfCellUlDedChType_None",compModeRes 0,physicalHsChan 0,eulCellType"rnhIfCellEul_NonServing10ms",oldIubGbrBandwidthDl 19,newIubGbrBa"
[not match][2012-05-23 11:16:23.220] 021400/RnhLmCellCPT(rnhAdmC) ../src/RnhAdmCellIubLinkResourceManagerD.cpp:282 ERROR:<key -1819625152 part 3>"ndwidthDl 0,oldIubGbrBandwidthUl 376,newIubGbrBandwidthUl 0,speechOnly"speechNotValid",oldRcState 25,newRcState 4}"
[not match][2012-05-23 11:16:41.764] 021400/RnhLmCellCPT(rnhCellRoC[62]) ../src/RnhCellRoC.cpp:7901 INFO:rnhCellRoC[cellFroId 671, iubLinkFroId 146] failed to unlock cell, reason : RnhCellDataD::errorStatusNbapFailed
[not match][2012-05-23 11:16:50.244] 021400/RncLmUePT(uehDriftUeCtxtC[73]) ../src/UehDriftUeCtxtC.cpp:9351 ERROR:received DEDMEAS Req while no ded resource, ignore to avoid crash
[not match][2012-05-23 11:17:12.460] 021400/RnhLmCellCPT(rnhCellRoC[62]) ../src/RnhCellRoC.cpp:7901 INFO:rnhCellRoC[cellFroId 671, iubLinkFroId 146] failed to unlock cell, reason : RnhCellDataD::errorStatusNbapFailed
[not match][2012-05-23 11:17:18.424] 021400/RncLmUePT(uehDriftUeCtxtC[4]) ../src/UehDriftUeCtxtC.cpp:9351 ERROR:received DEDMEAS Req while no ded resource, ignore to avoid crash
[not match][2012-05-23 11:17:34.968] 021400/Sys_OMCSF_teLogMain te_log.c:1823 INFO:Monitor overflow: 92 messages lost
[not match][2012-05-23 11:17:43.160] 021400/RnhLmCellCPT(rnhCellRoC[62]) ../src/RnhCellRoC.cpp:7901 INFO:rnhCellRoC[cellFroId 671, iubLinkFroId 146] failed to unlock cell, reason : RnhCellDataD::errorStatusNbapFailed
[not match][2012-05-23 11:17:46.312] 021400/RncLmUePT(uehDriftUeCtxtC[13]) ../src/UehDriftUeCtxtC.cpp:9351 ERROR:received DEDMEAS Req while no ded resource, ignore to avoid crash
[not match][2012-05-23 11:18:13.864] 021400/RnhLmCellCPT(rnhCellRoC[62]) ../src/RnhCellRoC.cpp:7901 INFO:rnhCellRoC[cellFroId 671, iubLinkFroId 146] failed to unlock cell, reason : RnhCellDataD::errorStatusNbapFailed
[not match][2012-05-23 11:18:17.336] 021400/RncLmUePT(UehHsCellChangeC[9]) ../src/UehHsCellChangeC.cpp:7874 INFO:choice point -> false: anyway try to release aal2 connection
[not match][2012-05-23 11:18:33.948] 021400/RncLmUePT(uehDriftUeCtxtC[126]) ../src/UehDriftUeCtxtC.cpp:9351 ERROR:received DEDMEAS Req while no ded resource, ignore to avoid crash
[not match][2012-05-23 11:18:44.564] 021400/RnhLmCellCPT(rnhCellRoC[62]) ../src/RnhCellRoC.cpp:7901 INFO:rnhCellRoC[cellFroId 671, iubLinkFroId 146] failed to unlock cell, reason : RnhCellDataD::errorStatusNbapFailed
[not match][2012-05-23 11:19:15.256] 021400/RnhLmCellCPT(rnhCellRoC[62]) ../src/RnhCellRoC.cpp:7901 INFO:rnhCellRoC[cellFroId 671, iubLinkFroId 146] failed to unlock cell, reason : RnhCellDataD::errorStatusNbapFailed
[not match][2012-05-23 11:19:42.552] 021400/RncLmUePT(UehHsCellChangeC[258]) ../src/UehHsCellChangeC.cpp:7874 INFO:choice point -> false: anyway try to release aal2 connection
[not match][2012-05-23 11:19:45.960] 021400/RnhLmCellCPT(rnhCellRoC[62]) ../src/RnhCellRoC.cpp:7901 INFO:rnhCellRoC[cellFroId 671, iubLinkFroId 146] failed to unlock cell, reason : RnhCellDataD::errorStatusNbapFailed
[not match][2012-05-23 11:20:04.536] 021400/DrhCcRhComSubLayer3PT(drhCcRhSpOseProxyCR1) ../src/DrhCcRhSpOseProxyC.cpp:353 INFO:sendPagingToMySps: dropped paging statistics for SP[0]: 0 of 10000 cell lists dropped (0 of 580000 cells dropped)
[not match][2012-05-23 11:20:16.664] 021400/RnhLmCellCPT(rnhCellRoC[62]) ../src/RnhCellRoC.cpp:7901 INFO:rnhCellRoC[cellFroId 671, iubLinkFroId 146] failed to unlock cell, reason : RnhCellDataD::errorStatusNbapFailed
[not match][2012-05-23 11:20:18.064] 021400/RncLmUePT(UehRabRelComDedC[77]) ../src/target/Cello/RTActor/badMessage.cc:202 ERROR:uehProcedures(77)@radioBearerReleaseComplete received unexpected message: dcsIfControlP%rbEmptyBufferInd data: DcsIfControlRbEmptyBufferIndD {ueRef 5234,ueModuleId 11}
[not match][2012-05-23 11:20:34.444] 021400/RncLmUePT(UehHsCellChangeC[258]) ../src/UehHsCellChangeC.cpp:7874 INFO:choice point -> false: anyway try to release aal2 connection
[not match][2012-05-23 11:20:47.384] 021400/RnhLmCellCPT(rnhCellRoC[62]) ../src/RnhCellRoC.cpp:7901 INFO:rnhCellRoC[cellFroId 671, iubLinkFroId 146] failed to unlock cell, reason : RnhCellDataD::errorStatusNbapFailed
[not match][2012-05-23 11:20:49.060] 021400/RnhLmCellCPT(rnhAdmC) ../src/RnhAdmResourceBaseD.cpp:130 ERROR:DecreaseResourceUsage: Attempt to decrease resource dlIubGbrBwResource with delta: 19 which is larger than amount of resources left: 11, resource NOT updated
[not match][2012-05-23 11:20:49.060] 021400/RnhLmCellCPT rlibTraceTraceFunctions.cc:211 INFO:<key -1821005968 part 2>"1,newActiveSetSize 0,oldSfDl 256,newSfDl 0,oldCodeNo 47,oldTimePosition -1,newTimePosition -1,selectedRLinRLs 1,oldSfUl 32,newSfUl 0,oldDedChTypeUl"rnhIfCellUlDedChType_EDCH",newDedChTypeUl"rnhIfCellUlDedChType_None",compModeRes 0,physicalHsChan 1,eulCellType"rnhIfCellEul_Serving10ms",oldIubGbrBandwidthDl 19,newIubGbrBandw"
[not match][2012-05-23 11:20:49.060] 021400/RnhLmCellCPT(rnhAdmC) ../src/RnhAdmCellIubLinkResourceManagerD.cpp:282 ERROR:<key -1821005968 part 3>"idthDl 0,oldIubGbrBandwidthUl 376,newIubGbrBandwidthUl 0,speechOnly"speechNotValid",oldRcState 25,newRcState 4}"
[not match][2012-05-23 11:20:56.692] 021400/RncLmUePT(uehDriftUeCtxtC[51]) ../src/UehDriftUeCtxtC.cpp:9351 ERROR:received DEDMEAS Req while no ded resource, ignore to avoid crash
[not match][2012-05-23 11:21:00.792] 021400/RncLmUePT(UehHsCellChangeC[175]) ../src/UehHsCellChangeC.cpp:7874 INFO:choice point -> false: anyway try to release aal2 connection
[not match][2012-05-23 11:21:18.108] 021400/RnhLmCellCPT(rnhCellRoC[62]) ../src/RnhCellRoC.cpp:7901 INFO:rnhCellRoC[cellFroId 671, iubLinkFroId 146] failed to unlock cell, reason : RnhCellDataD::errorStatusNbapFailed
[not match][2012-05-23 11:21:21.368] 021400/RncLmUePT(UehHsCellChangeC[175]) ../src/UehHsCellChangeC.cpp:7874 INFO:choice point -> false: anyway try to release aal2 connection
[not match][2012-05-23 11:21:45.212] 021400/RncLmUePT(UehHsCellChangeC[233]) ../src/UehHsCellChangeC.cpp:7874 INFO:choice point -> false: anyway try to release aal2 connection
[not match][2012-05-23 11:21:48.480] 021400/RncLmUePT(UehHsCellChangeC[2]) ../src/UehHsCellChangeC.cpp:7874 INFO:choice point -> false: anyway try to release aal2 connection
[not match][2012-05-23 11:21:48.808] 021400/RnhLmCellCPT(rnhCellRoC[62]) ../src/RnhCellRoC.cpp:7901 INFO:rnhCellRoC[cellFroId 671, iubLinkFroId 146] failed to unlock cell, reason : RnhCellDataD::errorStatusNbapFailed
[not match][2012-05-23 11:21:59.496] 021400/RncLmUePT(UehHsCellChangeC[2]) ../src/UehHsCellChangeC.cpp:7874 INFO:choice point -> false: anyway try to release aal2 connection
[not match][2012-05-23 11:22:12.224] 021400/RnhLmCellCPT(rnhAdmC) ../src/RnhAdmResourceBaseD.cpp:130 ERROR:DecreaseResourceUsage: Attempt to decrease resource dlIubGbrBwResource with delta: 11 which is larger than amount of resources left: 7, resource NOT updated
[not match][2012-05-23 11:22:12.224] 021400/RnhLmCellCPT rlibTraceTraceFunctions.cc:211 INFO:<key -1819601360 part 2>"3,newActiveSetSize 0,oldSfDl 256,newSfDl 0,oldCodeNo 22,oldTimePosition -1,newTimePosition -1,selectedRLinRLs 1,oldSfUl 4,newSfUl 0,oldDedChTypeUl"rnhIfCellUlDedChType_EDCH",newDedChTypeUl"rnhIfCellUlDedChType_None",compModeRes 0,physicalHsChan 1,eulCellType"rnhIfCellEul_Serving2ms",oldIubGbrBandwidthDl 11,newIubGbrBandwid"
[not match][2012-05-23 11:22:12.224] 021400/RnhLmCellCPT(rnhAdmC) ../src/RnhAdmCellIubLinkResourceManagerD.cpp:282 ERROR:<key -1819601360 part 3>"thDl 0,oldIubGbrBandwidthUl 647,newIubGbrBandwidthUl 0,speechOnly"speechNotValid",oldRcState 25,newRcState 4}"
[not match][2012-05-23 11:22:19.516] 021400/RnhLmCellCPT(rnhCellRoC[62]) ../src/RnhCellRoC.cpp:7901 INFO:rnhCellRoC[cellFroId 671, iubLinkFroId 146] failed to unlock cell, reason : RnhCellDataD::errorStatusNbapFailed
[not match][2012-05-23 11:22:31.456] 021400/RnhLmCellCPT(rnhAdmC) ../src/RnhAdmResourceBaseD.cpp:130 ERROR:DecreaseResourceUsage: Attempt to decrease resource dlIubGbrBwResource with delta: 19 which is larger than amount of resources left: 2, resource NOT updated
[not match][2012-05-23 11:22:31.456] 021400/RnhLmCellCPT rlibTraceTraceFunctions.cc:211 INFO:<key -1821418112 part 2>",newActiveSetSize 0,oldSfDl 256,newSfDl 0,oldCodeNo 27,oldTimePosition -1,newTimePosition -1,selectedRLinRLs 1,oldSfUl 32,newSfUl 0,oldDedChTypeUl"rnhIfCellUlDedChType_EDCH",newDedChTypeUl"rnhIfCellUlDedChType_None",compModeRes 0,physicalHsChan 1,eulCellType"rnhIfCellEul_Serving10ms",oldIubGbrBandwidthDl 19,newIubGbrBandwi"
[not match][2012-05-23 11:22:31.456] 021400/RnhLmCellCPT(rnhAdmC) ../src/RnhAdmCellIubLinkResourceManagerD.cpp:282 ERROR:<key -1821418112 part 3>"dthDl 0,oldIubGbrBandwidthUl 376,newIubGbrBandwidthUl 0,speechOnly"speechNotValid",oldRcState 25,newRcState 4}"
[not match][2012-05-23 11:22:35.232] 021400/RnhLmCellCPT(rnhAdmC) ../src/RnhAdmResourceBaseD.cpp:130 ERROR:DecreaseResourceUsage: Attempt to decrease resource dlIubGbrBwResource with delta: 9 which is larger than amount of resources left: 3, resource NOT updated
[not match][2012-05-23 11:22:35.232] 021400/RnhLmCellCPT rlibTraceTraceFunctions.cc:211 INFO:<key -1821418112 part 2>"Size 1,newActiveSetSize 1,oldSfDl 256,newSfDl 32,oldCodeNo 27,oldTimePosition -1,newTimePosition -1,selectedRLinRLs 1,oldSfUl 32,newSfUl 16,oldDedChTypeUl"rnhIfCellUlDedChType_EDCH",newDedChTypeUl"rnhIfCellUlDedChType_DCH",compModeRes 0,physicalHsChan 1,eulCellType"rnhIfCellEul_Serving10ms",oldIubGbrBandwidthDl 19,newIubGb"
[not match][2012-05-23 11:22:35.232] 021400/RnhLmCellCPT(rnhAdmC) ../src/RnhAdmCellIubLinkResourceManagerD.cpp:282 ERROR:<key -1821418112 part 3>"rBandwidthDl 10,oldIubGbrBandwidthUl 376,newIubGbrBandwidthUl 12,speechOnly"speechNotValid",oldRcState 25,newRcState 5}"
[not match][2012-05-23 11:22:50.220] 021400/RnhLmCellCPT(rnhCellRoC[62]) ../src/RnhCellRoC.cpp:7901 INFO:rnhCellRoC[cellFroId 671, iubLinkFroId 146] failed to unlock cell, reason : RnhCellDataD::errorStatusNbapFailed
[not match][2012-05-23 11:23:20.932] 021400/RnhLmCellCPT(rnhCellRoC[62]) ../src/RnhCellRoC.cpp:7901 INFO:rnhCellRoC[cellFroId 671, iubLinkFroId 146] failed to unlock cell, reason : RnhCellDataD::errorStatusNbapFailed
[not match][2012-05-23 11:23:20.956] 021400/RnhLmCellCPT(rnhAdmC) ../src/RnhAdmResourceBaseD.cpp:130 ERROR:DecreaseResourceUsage: Attempt to decrease resource dlIubGbrBwResource with delta: 19 which is larger than amount of resources left: 11, resource NOT updated
[not match][2012-05-23 11:23:20.956] 021400/RnhLmCellCPT rlibTraceTraceFunctions.cc:211 INFO:<key -1818656144 part 2>"1,newActiveSetSize 0,oldSfDl 256,newSfDl 0,oldCodeNo 40,oldTimePosition -1,newTimePosition -1,selectedRLinRLs 1,oldSfUl 32,newSfUl 0,oldDedChTypeUl"rnhIfCellUlDedChType_EDCH",newDedChTypeUl"rnhIfCellUlDedChType_None",compModeRes 0,physicalHsChan 1,eulCellType"rnhIfCellEul_Serving10ms",oldIubGbrBandwidthDl 19,newIubGbrBandw"
[not match][2012-05-23 11:23:20.956] 021400/RnhLmCellCPT(rnhAdmC) ../src/RnhAdmCellIubLinkResourceManagerD.cpp:282 ERROR:<key -1818656144 part 3>"idthDl 0,oldIubGbrBandwidthUl 376,newIubGbrBandwidthUl 0,speechOnly"speechNotValid",oldRcState 25,newRcState 4}"
[not match][2012-05-23 11:23:21.196] 021400/RnhLmCellCPT(rnhAdmC) ../src/RnhAdmResourceBaseD.cpp:130 ERROR:DecreaseResourceUsage: Attempt to decrease resource dlIubGbrBwResource with delta: 19 which is larger than amount of resources left: 11, resource NOT updated
[not match][2012-05-23 11:23:21.200] 021400/RnhLmCellCPT rlibTraceTraceFunctions.cc:211 INFO:<key -1818656144 part 2>"1,newActiveSetSize 0,oldSfDl 256,newSfDl 0,oldCodeNo 23,oldTimePosition -1,newTimePosition -1,selectedRLinRLs 1,oldSfUl 32,newSfUl 0,oldDedChTypeUl"rnhIfCellUlDedChType_EDCH",newDedChTypeUl"rnhIfCellUlDedChType_None",compModeRes 0,physicalHsChan 1,eulCellType"rnhIfCellEul_Serving10ms",oldIubGbrBandwidthDl 19,newIubGbrBandw"
[not match][2012-05-23 11:23:21.200] 021400/RnhLmCellCPT(rnhAdmC) ../src/RnhAdmCellIubLinkResourceManagerD.cpp:282 ERROR:<key -1818656144 part 3>"idthDl 0,oldIubGbrBandwidthUl 376,newIubGbrBandwidthUl 0,speechOnly"speechNotValid",oldRcState 25,newRcState 4}"
[not match][2012-05-23 11:23:25.520] 021400/RncLmUePT(UehHsCellChangeC[258]) ../src/UehHsCellChangeC.cpp:7874 INFO:choice point -> false: anyway try to release aal2 connection
[not match][2012-05-23 11:23:31.212] 021400/RnhLmCellCPT(rnhAdmC) ../src/RnhAdmResourceBaseD.cpp:130 ERROR:DecreaseResourceUsage: Attempt to decrease resource dlIubGbrBwResource with delta: 19 which is larger than amount of resources left: 14, resource NOT updated
[not match][2012-05-23 11:23:31.212] 021400/RnhLmCellCPT rlibTraceTraceFunctions.cc:211 INFO:<key -1818749264 part 2>",newActiveSetSize 0,oldSfDl 256,newSfDl 0,oldCodeNo 38,oldTimePosition -1,newTimePosition -1,selectedRLinRLs 1,oldSfUl 32,newSfUl 0,oldDedChTypeUl"rnhIfCellUlDedChType_EDCH",newDedChTypeUl"rnhIfCellUlDedChType_None",compModeRes 0,physicalHsChan 0,eulCellType"rnhIfCellEul_NonServing10ms",oldIubGbrBandwidthDl 19,newIubGbrBan"
[not match][2012-05-23 11:23:31.212] 021400/RnhLmCellCPT(rnhAdmC) ../src/RnhAdmCellIubLinkResourceManagerD.cpp:282 ERROR:<key -1818749264 part 3>"dwidthDl 0,oldIubGbrBandwidthUl 376,newIubGbrBandwidthUl 0,speechOnly"speechNotValid",oldRcState 25,newRcState 4}"
[not match][2012-05-23 11:23:34.304] 021400/RnhLmCellCPT(rnhAdmC) ../src/RnhAdmResourceBaseD.cpp:130 ERROR:DecreaseResourceUsage: Attempt to decrease resource dlIubGbrBwResource with delta: 19 which is larger than amount of resources left: 13, resource NOT updated
[not match][2012-05-23 11:23:34.304] 021400/RnhLmCellCPT rlibTraceTraceFunctions.cc:211 INFO:<key -1818749264 part 2>"1,newActiveSetSize 0,oldSfDl 256,newSfDl 0,oldCodeNo 27,oldTimePosition -1,newTimePosition -1,selectedRLinRLs 1,oldSfUl 32,newSfUl 0,oldDedChTypeUl"rnhIfCellUlDedChType_EDCH",newDedChTypeUl"rnhIfCellUlDedChType_None",compModeRes 0,physicalHsChan 1,eulCellType"rnhIfCellEul_Serving10ms",oldIubGbrBandwidthDl 19,newIubGbrBandw"
[not match][2012-05-23 11:23:34.304] 021400/RnhLmCellCPT(rnhAdmC) ../src/RnhAdmCellIubLinkResourceManagerD.cpp:282 ERROR:<key -1818749264 part 3>"idthDl 0,oldIubGbrBandwidthUl 376,newIubGbrBandwidthUl 0,speechOnly"speechNotValid",oldRcState 25,newRcState 4}"
[not match][2012-05-23 11:23:42.132] 021400/RnhLmCellCPT(rnhAdmC) ../src/RnhAdmResourceBaseD.cpp:130 ERROR:DecreaseResourceUsage: Attempt to decrease resource dlIubGbrBwResource with delta: 19 which is larger than amount of resources left: 3, resource NOT updated
[not match][2012-05-23 11:23:42.132] 021400/RnhLmCellCPT rlibTraceTraceFunctions.cc:211 INFO:<key -1818749264 part 2>"1,newActiveSetSize 0,oldSfDl 256,newSfDl 0,oldCodeNo 45,oldTimePosition -1,newTimePosition -1,selectedRLinRLs 1,oldSfUl 32,newSfUl 0,oldDedChTypeUl"rnhIfCellUlDedChType_EDCH",newDedChTypeUl"rnhIfCellUlDedChType_None",compModeRes 0,physicalHsChan 1,eulCellType"rnhIfCellEul_Serving10ms",oldIubGbrBandwidthDl 19,newIubGbrBandw"
[not match][2012-05-23 11:23:42.132] 021400/RnhLmCellCPT(rnhAdmC) ../src/RnhAdmCellIubLinkResourceManagerD.cpp:282 ERROR:<key -1818749264 part 3>"idthDl 0,oldIubGbrBandwidthUl 376,newIubGbrBandwidthUl 0,speechOnly"speechNotValid",oldRcState 25,newRcState 4}"
[not match][2012-05-23 11:23:42.868] 021400/RnhLmCellCPT(rnhAdmC) ../src/RnhAdmResourceBaseD.cpp:130 ERROR:DecreaseResourceUsage: Attempt to decrease resource dlIubGbrBwResource with delta: 19 which is larger than amount of resources left: 3, resource NOT updated
[not match][2012-05-23 11:23:42.872] 021400/RnhLmCellCPT rlibTraceTraceFunctions.cc:211 INFO:<key -1818749264 part 2>"1,newActiveSetSize 0,oldSfDl 256,newSfDl 0,oldCodeNo 32,oldTimePosition -1,newTimePosition -1,selectedRLinRLs 1,oldSfUl 32,newSfUl 0,oldDedChTypeUl"rnhIfCellUlDedChType_EDCH",newDedChTypeUl"rnhIfCellUlDedChType_None",compModeRes 0,physicalHsChan 1,eulCellType"rnhIfCellEul_Serving10ms",oldIubGbrBandwidthDl 19,newIubGbrBandw"
[not match][2012-05-23 11:23:42.872] 021400/RnhLmCellCPT(rnhAdmC) ../src/RnhAdmCellIubLinkResourceManagerD.cpp:282 ERROR:<key -1818749264 part 3>"idthDl 0,oldIubGbrBandwidthUl 376,newIubGbrBandwidthUl 0,speechOnly"speechNotValid",oldRcState 25,newRcState 4}"
[not match][2012-05-23 11:23:43.256] 021400/RnhLmCellCPT(rnhAdmC) ../src/RnhAdmResourceBaseD.cpp:130 ERROR:DecreaseResourceUsage: Attempt to decrease resource dlIubGbrBwResource with delta: 19 which is larger than amount of resources left: 3, resource NOT updated
[not match][2012-05-23 11:23:43.256] 021400/RnhLmCellCPT rlibTraceTraceFunctions.cc:211 INFO:<key -1818749264 part 2>" 1,newActiveSetSize 0,oldSfDl 256,newSfDl 0,oldCodeNo 36,oldTimePosition -1,newTimePosition -1,selectedRLinRLs 1,oldSfUl 32,newSfUl 0,oldDedChTypeUl"rnhIfCellUlDedChType_EDCH",newDedChTypeUl"rnhIfCellUlDedChType_None",compModeRes 0,physicalHsChan 1,eulCellType"rnhIfCellEul_Serving10ms",oldIubGbrBandwidthDl 19,newIubGbrBand"
[not match][2012-05-23 11:23:43.256] 021400/RnhLmCellCPT(rnhAdmC) ../src/RnhAdmCellIubLinkResourceManagerD.cpp:282 ERROR:<key -1818749264 part 3>"widthDl 0,oldIubGbrBandwidthUl 376,newIubGbrBandwidthUl 0,speechOnly"speechNotValid",oldRcState 25,newRcState 4}"
[not match][2012-05-23 11:23:43.260] 021400/RnhLmCellCPT(rnhAdmC) ../src/RnhAdmResourceBaseD.cpp:130 ERROR:DecreaseResourceUsage: Attempt to decrease resource dlIubGbrBwResource with delta: 10 which is larger than amount of resources left: 3, resource NOT updated
[not match][2012-05-23 11:23:43.260] 021400/RnhLmCellCPT rlibTraceTraceFunctions.cc:211 INFO:<key -1818749264 part 2>"e 1,newActiveSetSize 0,oldSfDl 32,newSfDl 0,oldCodeNo 11,oldTimePosition -1,newTimePosition -1,selectedRLinRLs 1,oldSfUl 16,newSfUl 0,oldDedChTypeUl"rnhIfCellUlDedChType_DCH",newDedChTypeUl"rnhIfCellUlDedChType_None",compModeRes 1,physicalHsChan 0,eulCellType"rnhIfCellEul_NotValid",oldIubGbrBandwidthDl 10,newIubGbrBandwidt"
[not match][2012-05-23 11:23:43.260] 021400/RnhLmCellCPT(rnhAdmC) ../src/RnhAdmCellIubLinkResourceManagerD.cpp:282 ERROR:<key -1818749264 part 3>"hDl 0,oldIubGbrBandwidthUl 12,newIubGbrBandwidthUl 0,speechOnly"speechNotValid",oldRcState 5,newRcState 4}"
[not match][2012-05-23 11:23:51.624] 021400/RnhLmCellCPT(rnhCellRoC[62]) ../src/RnhCellRoC.cpp:7901 INFO:rnhCellRoC[cellFroId 671, iubLinkFroId 146] failed to unlock cell, reason : RnhCellDataD::errorStatusNbapFailed
[not match][2012-05-23 11:24:22.372] 021400/RnhLmCellCPT(rnhCellRoC[62]) ../src/RnhCellRoC.cpp:7901 INFO:rnhCellRoC[cellFroId 671, iubLinkFroId 146] failed to unlock cell, reason : RnhCellDataD::errorStatusNbapFailed
[not match][2012-05-23 11:24:48.560] 021400/RnhLmCellCPT(rnhAdmC) ../src/RnhAdmResourceBaseD.cpp:130 ERROR:DecreaseResourceUsage: Attempt to decrease resource dlIubGbrBwResource with delta: 10 which is larger than amount of resources left: 3, resource NOT updated
[not match][2012-05-23 11:24:48.560] 021400/RnhLmCellCPT rlibTraceTraceFunctions.cc:211 INFO:<key -1819522064 part 2>"ze 2,newActiveSetSize 0,oldSfDl 32,newSfDl 0,oldCodeNo 14,oldTimePosition -1,newTimePosition -1,selectedRLinRLs 1,oldSfUl 16,newSfUl 0,oldDedChTypeUl"rnhIfCellUlDedChType_DCH",newDedChTypeUl"rnhIfCellUlDedChType_None",compModeRes 1,physicalHsChan 0,eulCellType"rnhIfCellEul_NotValid",oldIubGbrBandwidthDl 10,newIubGbrBandwid"
[not match][2012-05-23 11:24:48.560] 021400/RnhLmCellCPT(rnhAdmC) ../src/RnhAdmCellIubLinkResourceManagerD.cpp:282 ERROR:<key -1819522064 part 3>"thDl 0,oldIubGbrBandwidthUl 12,newIubGbrBandwidthUl 0,speechOnly"speechNotValid",oldRcState 5,newRcState 4}"
[not match][2012-05-23 11:24:53.060] 021400/RnhLmCellCPT(rnhCellRoC[62]) ../src/RnhCellRoC.cpp:7901 INFO:rnhCellRoC[cellFroId 671, iubLinkFroId 146] failed to unlock cell, reason : RnhCellDataD::errorStatusNbapFailed
[not match][2012-05-23 11:24:54.784] 021400/RlibPmControllerStatHndlProcess RlibPmAgentCounterEventBuffer.cc:203 INFO:ModOm: The buffer is full (endOfRop = false). Need to send buffer upwards
[not match][2012-05-23 11:25:23.764] 021400/RnhLmCellCPT(rnhCellRoC[62]) ../src/RnhCellRoC.cpp:7901 INFO:rnhCellRoC[cellFroId 671, iubLinkFroId 146] failed to unlock cell, reason : RnhCellDataD::errorStatusNbapFailed
[not match][2012-05-23 11:25:40.828] 021400/RncLmUePT(UehHsCellChangeC[9]) ../src/UehHsCellChangeC.cpp:7874 INFO:choice point -> false: anyway try to release aal2 connection
[not match][2012-05-23 11:25:54.468] 021400/RnhLmCellCPT(rnhCellRoC[62]) ../src/RnhCellRoC.cpp:7901 INFO:rnhCellRoC[cellFroId 671, iubLinkFroId 146] failed to unlock cell, reason : RnhCellDataD::errorStatusNbapFailed
[not match][2012-05-23 11:26:10.096] 021400/RncLmUePT(uehDriftUeCtxtC[63]) ../src/UehDriftUeCtxtC.cpp:9351 ERROR:received DEDMEAS Req while no ded resource, ignore to avoid crash
[not match][2012-05-23 11:26:25.172] 021400/RnhLmCellCPT(rnhCellRoC[62]) ../src/RnhCellRoC.cpp:7901 INFO:rnhCellRoC[cellFroId 671, iubLinkFroId 146] failed to unlock cell, reason : RnhCellDataD::errorStatusNbapFailed
[not match][2012-05-23 11:26:52.976] 021400/RncLmUePT(UehHsCellChangeC[9]) ../src/UehHsCellChangeC.cpp:7874 INFO:choice point -> false: anyway try to release aal2 connection
[not match][2012-05-23 11:26:55.872] 021400/RnhLmCellCPT(rnhCellRoC[62]) ../src/RnhCellRoC.cpp:7901 INFO:rnhCellRoC[cellFroId 671, iubLinkFroId 146] failed to unlock cell, reason : RnhCellDataD::errorStatusNbapFailed
[not match][2012-05-23 11:27:04.496] 021400/RncLmUePT(UehHsCellChangeC[214]) ../src/UehHsCellChangeC.cpp:7874 INFO:choice point -> false: anyway try to release aal2 connection
[not match][2012-05-23 11:27:26.568] 021400/RnhLmCellCPT(rnhCellRoC[62]) ../src/RnhCellRoC.cpp:7901 INFO:rnhCellRoC[cellFroId 671, iubLinkFroId 146] failed to unlock cell, reason : RnhCellDataD::errorStatusNbapFailed
[not match][2012-05-23 11:27:48.540] 021400/DrhCcRhComSubLayer3PT(drhCcRhSpOseProxyCR1) ../src/DrhCcRhSpOseProxyC.cpp:353 INFO:sendPagingToMySps: dropped paging statistics for SP[0]: 0 of 10000 cell lists dropped (0 of 580000 cells dropped)
[not match][2012-05-23 11:27:57.268] 021400/RnhLmCellCPT(rnhCellRoC[62]) ../src/RnhCellRoC.cpp:7901 INFO:rnhCellRoC[cellFroId 671, iubLinkFroId 146] failed to unlock cell, reason : RnhCellDataD::errorStatusNbapFailed
[not match][2012-05-23 11:28:27.968] 021400/RnhLmCellCPT(rnhCellRoC[62]) ../src/RnhCellRoC.cpp:7901 INFO:rnhCellRoC[cellFroId 671, iubLinkFroId 146] failed to unlock cell, reason : RnhCellDataD::errorStatusNbapFailed
[not match][2012-05-23 11:28:50.940] 021400/RncLmUePT(uehDriftUeCtxtC[16]) ../src/UehDriftUeCtxtC.cpp:9351 ERROR:received DEDMEAS Req while no ded resource, ignore to avoid crash
[not match][2012-05-23 11:28:58.732] 021400/RnhLmCellCPT(rnhCellRoC[62]) ../src/RnhCellRoC.cpp:7901 INFO:rnhCellRoC[cellFroId 671, iubLinkFroId 146] failed to unlock cell, reason : RnhCellDataD::errorStatusNbapFailed
[not match][2012-05-23 11:29:03.536] 021400/RncLmUePT ossWorld.cc:424 INFO:Decode Error: returnCode: 4 Pdu 2 
[not match][2012-05-23 11:29:03.536] 021400/RncLmUePT(uehUeCtxtC[4321]) ../src/UehUeCtxtC.cpp:4817 ERROR:Error decoding UL DCCH message.
[not match][2012-05-23 11:29:14.296] 021400/RncLmUePT(UehHsCellChangeC[214]) ../src/UehHsCellChangeC.cpp:7874 INFO:choice point -> false: anyway try to release aal2 connection
[not match][2012-05-23 11:29:27.112] 021400/RncLmUePT(uehDriftUeCtxtC[158]) ../src/UehDriftUeCtxtC.cpp:9351 ERROR:received DEDMEAS Req while no ded resource, ignore to avoid crash
[not match][2012-05-23 11:29:29.428] 021400/RnhLmCellCPT(rnhCellRoC[62]) ../src/RnhCellRoC.cpp:7901 INFO:rnhCellRoC[cellFroId 671, iubLinkFroId 146] failed to unlock cell, reason : RnhCellDataD::errorStatusNbapFailed
[not match][2012-05-23 11:29:33.164] 021400/RncLmUePT(UehHsCellChangeC[233]) ../src/UehHsCellChangeC.cpp:7874 INFO:choice point -> false: anyway try to release aal2 connection
[not match][2012-05-23 11:29:59.804] 021400/modEv_fileOutput_0 RlibPmControllerFileWritingProcess.cc:363 INFO:ModOm: the file (null) is not opened.
[not match][2012-05-23 11:30:00.128] 021400/RnhLmCellCPT(rnhCellRoC[62]) ../src/RnhCellRoC.cpp:7901 INFO:rnhCellRoC[cellFroId 671, iubLinkFroId 146] failed to unlock cell, reason : RnhCellDataD::errorStatusNbapFailed
[not match][2012-05-23 11:30:03.616] 021400/PmAgentConnectedProcessLoadCtrl RlibPmAgentCounterEventBuffer.cc:315 INFO:LoadCtrl: All counters were sent up - true
[not match][2012-05-23 11:30:08.340] 021400/PmAgentConnectedProcessCell RlibPmAgentCounterEventBuffer.cc:315 INFO:Cell: All counters were sent up - true
[not match][2012-05-23 11:30:08.340] 021400/PmAgentConnectedProcessUe RlibPmAgentCounterEventBuffer.cc:315 INFO:Ue: All counters were sent up - true
[not match][2012-05-23 11:30:08.340] 021400/RlibPmControllerStatHndlProcess RlibPmControllerStatCollector.cc:277 INFO:ModOm: All counters received from subordinate (12 of 12 ready). Request fetch of 3421 remaining counter events. No of counter events collected for the next ROP: 0. 
[not match][2012-05-23 11:30:08.340] 021400/RlibPmControllerStatHndlProcess RlibPmControllerSubordinateStatus.cc:151 INFO:ModOm: No of pending pids for current ROP: 0
[not match][2012-05-23 11:30:11.316] 021400/RlibPmControllerStatHndlProcess RlibPmAgentCounterEventBuffer.cc:315 INFO:ModOm: All counters were sent up - true
[not match][2012-05-23 11:30:16.484] 021400/RlibPmControllerStatHndlProcess RlibPmControllerStatCollector.cc:925 INFO:ModOm: End counter freeze
[not match][2012-05-23 11:30:30.832] 021400/RnhLmCellCPT(rnhCellRoC[62]) ../src/RnhCellRoC.cpp:7901 INFO:rnhCellRoC[cellFroId 671, iubLinkFroId 146] failed to unlock cell, reason : RnhCellDataD::errorStatusNbapFailed
